--Target records
INSERT INTO CREDITDB.TARGET (ID_TARGET, DESCRIPTION, STATUS, CREATION_USER, CREATION_DATE) VALUES (1, 'NEW', 1, 'ADMIN', CURRENT_TIMESTAMP);
INSERT INTO CREDITDB.TARGET (ID_TARGET, DESCRIPTION, STATUS, CREATION_USER, CREATION_DATE) VALUES (2, 'FREQUENT', 1, 'ADMIN', CURRENT_TIMESTAMP);
INSERT INTO CREDITDB.TARGET (ID_TARGET, DESCRIPTION, STATUS, CREATION_USER, CREATION_DATE) VALUES (3, 'PREMIUM', 1, 'ADMIN', CURRENT_TIMESTAMP);

--Target config records
INSERT INTO CREDITDB.TARGET_CONFIG (ID_TARGET, DESCRIPTION, TYPE_CONFIG, STATUS, FIXED_VALUE, MIN_VALUE, MAX_VALUE, CREATION_USER, CREATION_DATE) VALUES (1, 'amount_total', 2, 1, NULL, 0, 99999, 'ADMIN', CURRENT_TIMESTAMP);
INSERT INTO CREDITDB.TARGET_CONFIG (ID_TARGET, DESCRIPTION, TYPE_CONFIG, STATUS, FIXED_VALUE, MIN_VALUE, MAX_VALUE, CREATION_USER, CREATION_DATE) VALUES (2, 'amount_total', 2, 1, NULL, 100001,	499999, 'ADMIN', CURRENT_TIMESTAMP);
INSERT INTO CREDITDB.TARGET_CONFIG (ID_TARGET, DESCRIPTION, TYPE_CONFIG, STATUS, FIXED_VALUE, MIN_VALUE, MAX_VALUE, CREATION_USER, CREATION_DATE) VALUES (3, 'amount_total', 2, 1, NULL, 500001,	NULL, 'ADMIN', CURRENT_TIMESTAMP);

INSERT INTO CREDITDB.TARGET_CONFIG (ID_TARGET, DESCRIPTION, TYPE_CONFIG, STATUS, FIXED_VALUE, MIN_VALUE, MAX_VALUE, CREATION_USER, CREATION_DATE) VALUES (1, 'cant', 2, 1, NULL, 1, 1, 'ADMIN', CURRENT_TIMESTAMP);
INSERT INTO CREDITDB.TARGET_CONFIG (ID_TARGET, DESCRIPTION, TYPE_CONFIG, STATUS, FIXED_VALUE, MIN_VALUE, MAX_VALUE, CREATION_USER, CREATION_DATE) VALUES (2, 'cant', 2, 1, NULL, 2, 4, 'ADMIN', CURRENT_TIMESTAMP);
INSERT INTO CREDITDB.TARGET_CONFIG (ID_TARGET, DESCRIPTION, TYPE_CONFIG, STATUS, FIXED_VALUE, MIN_VALUE, MAX_VALUE, CREATION_USER, CREATION_DATE) VALUES (3, 'cant', 2, 1, NULL, 5, NULL, 'ADMIN', CURRENT_TIMESTAMP);

INSERT INTO CREDITDB.TARGET_CONFIG (ID_TARGET, DESCRIPTION, TYPE_CONFIG, STATUS, FIXED_VALUE, MIN_VALUE, MAX_VALUE, CREATION_USER, CREATION_DATE) VALUES (1, 'rate', 1, 1, 0.15, NULL, NULL, 'ADMIN', CURRENT_TIMESTAMP);
INSERT INTO CREDITDB.TARGET_CONFIG (ID_TARGET, DESCRIPTION, TYPE_CONFIG, STATUS, FIXED_VALUE, MIN_VALUE, MAX_VALUE, CREATION_USER, CREATION_DATE) VALUES (2, 'rate', 1, 1, 0.1, NULL, NULL, 'ADMIN', CURRENT_TIMESTAMP);
INSERT INTO CREDITDB.TARGET_CONFIG (ID_TARGET, DESCRIPTION, TYPE_CONFIG, STATUS, FIXED_VALUE, MIN_VALUE, MAX_VALUE, CREATION_USER, CREATION_DATE) VALUES (3, 'rate', 1, 1, 0.05, NULL, NULL, 'ADMIN', CURRENT_TIMESTAMP);

INSERT INTO CREDITDB.TARGET_CONFIG (ID_TARGET, DESCRIPTION, TYPE_CONFIG, STATUS, FIXED_VALUE, MIN_VALUE, MAX_VALUE, CREATION_USER, CREATION_DATE) VALUES (1, 'max', 1, 1, 500000, NULL, NULL, 'ADMIN', CURRENT_TIMESTAMP);
INSERT INTO CREDITDB.TARGET_CONFIG (ID_TARGET, DESCRIPTION, TYPE_CONFIG, STATUS, FIXED_VALUE, MIN_VALUE, MAX_VALUE, CREATION_USER, CREATION_DATE) VALUES (2, 'max', 1, 1, 1000000, NULL, NULL, 'ADMIN', CURRENT_TIMESTAMP);
INSERT INTO CREDITDB.TARGET_CONFIG (ID_TARGET, DESCRIPTION, TYPE_CONFIG, STATUS, FIXED_VALUE, MIN_VALUE, MAX_VALUE, CREATION_USER, CREATION_DATE) VALUES (3, 'max', 1, 1, 5000000, NULL, NULL, 'ADMIN', CURRENT_TIMESTAMP);

--Client records
INSERT INTO CREDITDB.CLIENT (ID_TARGET, FIRST_NAME, LAST_NAME, NATIONAL_ID, TYPE_NATIONAL_ID, STATUS, CREATION_USER, CREATION_DATE) VALUES (3, 'Denny', 'Caple', 'cp68b6y4', 'PA', 1, 'ADMIN', CURRENT_TIMESTAMP);
INSERT INTO CREDITDB.CLIENT (ID_TARGET, FIRST_NAME, LAST_NAME, NATIONAL_ID, TYPE_NATIONAL_ID, STATUS, CREATION_USER, CREATION_DATE) VALUES (2, 'Heidie', 'Eborn', 'ln39l5d1', 'PA', 1, 'ADMIN', CURRENT_TIMESTAMP);
INSERT INTO CREDITDB.CLIENT (ID_TARGET, FIRST_NAME, LAST_NAME, NATIONAL_ID, TYPE_NATIONAL_ID, STATUS, CREATION_USER, CREATION_DATE) VALUES (3, 'Carlee', 'Schlagman', 'ss34r2v3', 'PA', 1, 'ADMIN', CURRENT_TIMESTAMP);
INSERT INTO CREDITDB.CLIENT (ID_TARGET, FIRST_NAME, LAST_NAME, NATIONAL_ID, TYPE_NATIONAL_ID, STATUS, CREATION_USER, CREATION_DATE) VALUES (2, 'Wiatt', 'Elnough', 'bc98h8o5', 'PA', 1, 'ADMIN', CURRENT_TIMESTAMP);
INSERT INTO CREDITDB.CLIENT (ID_TARGET, FIRST_NAME, LAST_NAME, NATIONAL_ID, TYPE_NATIONAL_ID, STATUS, CREATION_USER, CREATION_DATE) VALUES (1, 'Dugald', 'Redbourn', 'wb03w5c6', 'PA', 1, 'ADMIN', CURRENT_TIMESTAMP);
INSERT INTO CREDITDB.CLIENT (ID_TARGET, FIRST_NAME, LAST_NAME, NATIONAL_ID, TYPE_NATIONAL_ID, STATUS, CREATION_USER, CREATION_DATE) VALUES (2, 'Ceciley', 'Oliphand', 'nk30f9l8', 'PA', 1, 'ADMIN', CURRENT_TIMESTAMP);
INSERT INTO CREDITDB.CLIENT (ID_TARGET, FIRST_NAME, LAST_NAME, NATIONAL_ID, TYPE_NATIONAL_ID, STATUS, CREATION_USER, CREATION_DATE) VALUES (3, 'Dalia', 'Skentelbury', 'hw97g4f9', 'PA', 1, 'ADMIN', CURRENT_TIMESTAMP);
INSERT INTO CREDITDB.CLIENT (ID_TARGET, FIRST_NAME, LAST_NAME, NATIONAL_ID, TYPE_NATIONAL_ID, STATUS, CREATION_USER, CREATION_DATE) VALUES (3, 'Glyn', 'Klemmt', 'fz20d9w1', 'PA', 1, 'ADMIN', CURRENT_TIMESTAMP);
INSERT INTO CREDITDB.CLIENT (ID_TARGET, FIRST_NAME, LAST_NAME, NATIONAL_ID, TYPE_NATIONAL_ID, STATUS, CREATION_USER, CREATION_DATE) VALUES (2, 'Tomlin', 'McGarahan', 'ir58i9w9', 'PA', 1, 'ADMIN', CURRENT_TIMESTAMP);
INSERT INTO CREDITDB.CLIENT (ID_TARGET, FIRST_NAME, LAST_NAME, NATIONAL_ID, TYPE_NATIONAL_ID, STATUS, CREATION_USER, CREATION_DATE) VALUES (3, 'Lynna', 'Garnham', 'pt76w6r0', 'PA', 1, 'ADMIN', CURRENT_TIMESTAMP);
INSERT INTO CREDITDB.CLIENT (ID_TARGET, FIRST_NAME, LAST_NAME, NATIONAL_ID, TYPE_NATIONAL_ID, STATUS, CREATION_USER, CREATION_DATE) VALUES (3, 'Renato', 'Hercules', 'nd06c5j4', 'PA', 1, 'ADMIN', CURRENT_TIMESTAMP);
INSERT INTO CREDITDB.CLIENT (ID_TARGET, FIRST_NAME, LAST_NAME, NATIONAL_ID, TYPE_NATIONAL_ID, STATUS, CREATION_USER, CREATION_DATE) VALUES (3, 'Lissa', 'Cancellieri', 'kw95h3k0', 'PA', 1, 'ADMIN', CURRENT_TIMESTAMP);
INSERT INTO CREDITDB.CLIENT (ID_TARGET, FIRST_NAME, LAST_NAME, NATIONAL_ID, TYPE_NATIONAL_ID, STATUS, CREATION_USER, CREATION_DATE) VALUES (1, 'Leonard', 'Coviello', 'su27v9c0', 'PA', 1, 'ADMIN', CURRENT_TIMESTAMP);
INSERT INTO CREDITDB.CLIENT (ID_TARGET, FIRST_NAME, LAST_NAME, NATIONAL_ID, TYPE_NATIONAL_ID, STATUS, CREATION_USER, CREATION_DATE) VALUES (2, 'Abbey', 'Lovejoy', 'mx75n9i8', 'PA', 1, 'ADMIN', CURRENT_TIMESTAMP);
INSERT INTO CREDITDB.CLIENT (ID_TARGET, FIRST_NAME, LAST_NAME, NATIONAL_ID, TYPE_NATIONAL_ID, STATUS, CREATION_USER, CREATION_DATE) VALUES (3, 'Katharine', 'Van Velden', 'aq35k8w1', 'PA', 1, 'ADMIN', CURRENT_TIMESTAMP);
INSERT INTO CREDITDB.CLIENT (ID_TARGET, FIRST_NAME, LAST_NAME, NATIONAL_ID, TYPE_NATIONAL_ID, STATUS, CREATION_USER, CREATION_DATE) VALUES (1, 'Jule', 'Diggles', 'mx04g3v3', 'PA', 1, 'ADMIN', CURRENT_TIMESTAMP);
INSERT INTO CREDITDB.CLIENT (ID_TARGET, FIRST_NAME, LAST_NAME, NATIONAL_ID, TYPE_NATIONAL_ID, STATUS, CREATION_USER, CREATION_DATE) VALUES (2, 'Dawn', 'MacDermand', 'tx41u9c7', 'PA', 1, 'ADMIN', CURRENT_TIMESTAMP);
INSERT INTO CREDITDB.CLIENT (ID_TARGET, FIRST_NAME, LAST_NAME, NATIONAL_ID, TYPE_NATIONAL_ID, STATUS, CREATION_USER, CREATION_DATE) VALUES (1, 'Jaimie', 'Massard', 'qa27o2x1', 'PA', 1, 'ADMIN', CURRENT_TIMESTAMP);
INSERT INTO CREDITDB.CLIENT (ID_TARGET, FIRST_NAME, LAST_NAME, NATIONAL_ID, TYPE_NATIONAL_ID, STATUS, CREATION_USER, CREATION_DATE) VALUES (3, 'Moore', 'Nuth', 'wx48s0t8', 'PA', 1, 'ADMIN', CURRENT_TIMESTAMP);
INSERT INTO CREDITDB.CLIENT (ID_TARGET, FIRST_NAME, LAST_NAME, NATIONAL_ID, TYPE_NATIONAL_ID, STATUS, CREATION_USER, CREATION_DATE) VALUES (3, 'Nickolas', 'Blesing', 'qn24v5g3', 'PA', 1, 'ADMIN', CURRENT_TIMESTAMP);
INSERT INTO CREDITDB.CLIENT (ID_TARGET, FIRST_NAME, LAST_NAME, NATIONAL_ID, TYPE_NATIONAL_ID, STATUS, CREATION_USER, CREATION_DATE) VALUES (2, 'Jaquelyn', 'Fulstow', 'ch14d3b3', 'PA', 1, 'ADMIN', CURRENT_TIMESTAMP);
INSERT INTO CREDITDB.CLIENT (ID_TARGET, FIRST_NAME, LAST_NAME, NATIONAL_ID, TYPE_NATIONAL_ID, STATUS, CREATION_USER, CREATION_DATE) VALUES (2, 'Nissa', 'Egle of Germany', 'zm13a9c4', 'PA', 1, 'ADMIN', CURRENT_TIMESTAMP);
INSERT INTO CREDITDB.CLIENT (ID_TARGET, FIRST_NAME, LAST_NAME, NATIONAL_ID, TYPE_NATIONAL_ID, STATUS, CREATION_USER, CREATION_DATE) VALUES (2, 'Kimball', 'Giblin', 'jf91m4y8', 'PA', 1, 'ADMIN', CURRENT_TIMESTAMP);
INSERT INTO CREDITDB.CLIENT (ID_TARGET, FIRST_NAME, LAST_NAME, NATIONAL_ID, TYPE_NATIONAL_ID, STATUS, CREATION_USER, CREATION_DATE) VALUES (1, 'Teresita', 'Yurin', 'tj78x3p6', 'PA', 1, 'ADMIN', CURRENT_TIMESTAMP);
INSERT INTO CREDITDB.CLIENT (ID_TARGET, FIRST_NAME, LAST_NAME, NATIONAL_ID, TYPE_NATIONAL_ID, STATUS, CREATION_USER, CREATION_DATE) VALUES (3, 'Gwenni', 'Branchflower', 'vi62p0q9', 'PA', 1, 'ADMIN', CURRENT_TIMESTAMP);
INSERT INTO CREDITDB.CLIENT (ID_TARGET, FIRST_NAME, LAST_NAME, NATIONAL_ID, TYPE_NATIONAL_ID, STATUS, CREATION_USER, CREATION_DATE) VALUES (3, 'Paulo', 'Ingleson', 'xl62b0f0', 'PA', 1, 'ADMIN', CURRENT_TIMESTAMP);
INSERT INTO CREDITDB.CLIENT (ID_TARGET, FIRST_NAME, LAST_NAME, NATIONAL_ID, TYPE_NATIONAL_ID, STATUS, CREATION_USER, CREATION_DATE) VALUES (3, 'Lenora', 'Donoghue', 'ly34x0v8', 'PA', 1, 'ADMIN', CURRENT_TIMESTAMP);
INSERT INTO CREDITDB.CLIENT (ID_TARGET, FIRST_NAME, LAST_NAME, NATIONAL_ID, TYPE_NATIONAL_ID, STATUS, CREATION_USER, CREATION_DATE) VALUES (2, 'Read', 'Waleworke', 'kn89t5e3', 'PA', 1, 'ADMIN', CURRENT_TIMESTAMP);
INSERT INTO CREDITDB.CLIENT (ID_TARGET, FIRST_NAME, LAST_NAME, NATIONAL_ID, TYPE_NATIONAL_ID, STATUS, CREATION_USER, CREATION_DATE) VALUES (2, 'Roddy', 'Antonias', 'um60h8t4', 'PA', 1, 'ADMIN', CURRENT_TIMESTAMP);
INSERT INTO CREDITDB.CLIENT (ID_TARGET, FIRST_NAME, LAST_NAME, NATIONAL_ID, TYPE_NATIONAL_ID, STATUS, CREATION_USER, CREATION_DATE) VALUES (3, 'Kalie', 'Tardiff', 'oy16a2h5', 'PA', 1, 'ADMIN', CURRENT_TIMESTAMP);
INSERT INTO CREDITDB.CLIENT (ID_TARGET, FIRST_NAME, LAST_NAME, NATIONAL_ID, TYPE_NATIONAL_ID, STATUS, CREATION_USER, CREATION_DATE) VALUES (1, 'Calhoun', 'Irnis', 'sy80c4r1', 'PA', 1, 'ADMIN', CURRENT_TIMESTAMP);
INSERT INTO CREDITDB.CLIENT (ID_TARGET, FIRST_NAME, LAST_NAME, NATIONAL_ID, TYPE_NATIONAL_ID, STATUS, CREATION_USER, CREATION_DATE) VALUES (1, 'Raleigh', 'Ravel', 'fk88z6f9', 'PA', 1, 'ADMIN', CURRENT_TIMESTAMP);
INSERT INTO CREDITDB.CLIENT (ID_TARGET, FIRST_NAME, LAST_NAME, NATIONAL_ID, TYPE_NATIONAL_ID, STATUS, CREATION_USER, CREATION_DATE) VALUES (1, 'Jaclin', 'Antecki', 'yp86z2z3', 'PA', 1, 'ADMIN', CURRENT_TIMESTAMP);
INSERT INTO CREDITDB.CLIENT (ID_TARGET, FIRST_NAME, LAST_NAME, NATIONAL_ID, TYPE_NATIONAL_ID, STATUS, CREATION_USER, CREATION_DATE) VALUES (2, 'Patricia', 'Larchier', 'ka93h4y7', 'PA', 1, 'ADMIN', CURRENT_TIMESTAMP);
INSERT INTO CREDITDB.CLIENT (ID_TARGET, FIRST_NAME, LAST_NAME, NATIONAL_ID, TYPE_NATIONAL_ID, STATUS, CREATION_USER, CREATION_DATE) VALUES (3, 'Jean', 'Segebrecht', 'qt47m1x6', 'PA', 1, 'ADMIN', CURRENT_TIMESTAMP);
INSERT INTO CREDITDB.CLIENT (ID_TARGET, FIRST_NAME, LAST_NAME, NATIONAL_ID, TYPE_NATIONAL_ID, STATUS, CREATION_USER, CREATION_DATE) VALUES (2, 'Humfrid', 'Norheny', 'dd90p9d7', 'PA', 1, 'ADMIN', CURRENT_TIMESTAMP);
INSERT INTO CREDITDB.CLIENT (ID_TARGET, FIRST_NAME, LAST_NAME, NATIONAL_ID, TYPE_NATIONAL_ID, STATUS, CREATION_USER, CREATION_DATE) VALUES (2, 'Prescott', 'Diviney', 'zw60g5c1', 'PA', 1, 'ADMIN', CURRENT_TIMESTAMP);
INSERT INTO CREDITDB.CLIENT (ID_TARGET, FIRST_NAME, LAST_NAME, NATIONAL_ID, TYPE_NATIONAL_ID, STATUS, CREATION_USER, CREATION_DATE) VALUES (1, 'Ashil', 'Dufore', 'pq87c2e6', 'PA', 1, 'ADMIN', CURRENT_TIMESTAMP);
INSERT INTO CREDITDB.CLIENT (ID_TARGET, FIRST_NAME, LAST_NAME, NATIONAL_ID, TYPE_NATIONAL_ID, STATUS, CREATION_USER, CREATION_DATE) VALUES (3, 'Calla', 'McPeice', 'vl93t2o1', 'PA', 1, 'ADMIN', CURRENT_TIMESTAMP);
INSERT INTO CREDITDB.CLIENT (ID_TARGET, FIRST_NAME, LAST_NAME, NATIONAL_ID, TYPE_NATIONAL_ID, STATUS, CREATION_USER, CREATION_DATE) VALUES (3, 'Minna', 'Prenty', 'cu82z8s3', 'PA', 1, 'ADMIN', CURRENT_TIMESTAMP);
INSERT INTO CREDITDB.CLIENT (ID_TARGET, FIRST_NAME, LAST_NAME, NATIONAL_ID, TYPE_NATIONAL_ID, STATUS, CREATION_USER, CREATION_DATE) VALUES (3, 'Karil', 'Trenoweth', 'pw44t7e5', 'PA', 1, 'ADMIN', CURRENT_TIMESTAMP);
INSERT INTO CREDITDB.CLIENT (ID_TARGET, FIRST_NAME, LAST_NAME, NATIONAL_ID, TYPE_NATIONAL_ID, STATUS, CREATION_USER, CREATION_DATE) VALUES (1, 'Lib', 'Teideman', 'rv05h7f9', 'PA', 1, 'ADMIN', CURRENT_TIMESTAMP);
INSERT INTO CREDITDB.CLIENT (ID_TARGET, FIRST_NAME, LAST_NAME, NATIONAL_ID, TYPE_NATIONAL_ID, STATUS, CREATION_USER, CREATION_DATE) VALUES (2, 'Jobey', 'Lazenbury', 'vk80u3b4', 'PA', 1, 'ADMIN', CURRENT_TIMESTAMP);
INSERT INTO CREDITDB.CLIENT (ID_TARGET, FIRST_NAME, LAST_NAME, NATIONAL_ID, TYPE_NATIONAL_ID, STATUS, CREATION_USER, CREATION_DATE) VALUES (1, 'Missie', 'Pritchitt', 'hn44i8x0', 'PA', 1, 'ADMIN', CURRENT_TIMESTAMP);
INSERT INTO CREDITDB.CLIENT (ID_TARGET, FIRST_NAME, LAST_NAME, NATIONAL_ID, TYPE_NATIONAL_ID, STATUS, CREATION_USER, CREATION_DATE) VALUES (1, 'Cathyleen', 'MacKilroe', 'oo77c8y8', 'PA', 1, 'ADMIN', CURRENT_TIMESTAMP);
INSERT INTO CREDITDB.CLIENT (ID_TARGET, FIRST_NAME, LAST_NAME, NATIONAL_ID, TYPE_NATIONAL_ID, STATUS, CREATION_USER, CREATION_DATE) VALUES (2, 'Alvera', 'Malster', 'hk10f7w4', 'PA', 1, 'ADMIN', CURRENT_TIMESTAMP);
INSERT INTO CREDITDB.CLIENT (ID_TARGET, FIRST_NAME, LAST_NAME, NATIONAL_ID, TYPE_NATIONAL_ID, STATUS, CREATION_USER, CREATION_DATE) VALUES (1, 'Bird', 'Leonida', 'he94c8d9', 'PA', 1, 'ADMIN', CURRENT_TIMESTAMP);
INSERT INTO CREDITDB.CLIENT (ID_TARGET, FIRST_NAME, LAST_NAME, NATIONAL_ID, TYPE_NATIONAL_ID, STATUS, CREATION_USER, CREATION_DATE) VALUES (1, 'Desdemona', 'Braysher', 'ol32u0t3', 'PA', 1, 'ADMIN', CURRENT_TIMESTAMP);
INSERT INTO CREDITDB.CLIENT (ID_TARGET, FIRST_NAME, LAST_NAME, NATIONAL_ID, TYPE_NATIONAL_ID, STATUS, CREATION_USER, CREATION_DATE) VALUES (2, 'Kelly', 'Blaver', 'ed28f9v1', 'PA', 1, 'ADMIN', CURRENT_TIMESTAMP);
INSERT INTO CREDITDB.CLIENT (ID_TARGET, FIRST_NAME, LAST_NAME, NATIONAL_ID, TYPE_NATIONAL_ID, STATUS, CREATION_USER, CREATION_DATE) VALUES (2, 'Ailey', 'Dougal', 'kc41a0j0', 'PA', 1, 'ADMIN', CURRENT_TIMESTAMP);
INSERT INTO CREDITDB.CLIENT (ID_TARGET, FIRST_NAME, LAST_NAME, NATIONAL_ID, TYPE_NATIONAL_ID, STATUS, CREATION_USER, CREATION_DATE) VALUES (2, 'Mamie', 'Stanway', 'tw86g2r0', 'PA', 1, 'ADMIN', CURRENT_TIMESTAMP);
INSERT INTO CREDITDB.CLIENT (ID_TARGET, FIRST_NAME, LAST_NAME, NATIONAL_ID, TYPE_NATIONAL_ID, STATUS, CREATION_USER, CREATION_DATE) VALUES (3, 'Bessie', 'Bonny', 'cn59z8a1', 'PA', 1, 'ADMIN', CURRENT_TIMESTAMP);
INSERT INTO CREDITDB.CLIENT (ID_TARGET, FIRST_NAME, LAST_NAME, NATIONAL_ID, TYPE_NATIONAL_ID, STATUS, CREATION_USER, CREATION_DATE) VALUES (3, 'Gilemette', 'Bridger', 'vu39g6e5', 'PA', 1, 'ADMIN', CURRENT_TIMESTAMP);
INSERT INTO CREDITDB.CLIENT (ID_TARGET, FIRST_NAME, LAST_NAME, NATIONAL_ID, TYPE_NATIONAL_ID, STATUS, CREATION_USER, CREATION_DATE) VALUES (3, 'Valli', 'Burford', 'ww82a5y2', 'PA', 1, 'ADMIN', CURRENT_TIMESTAMP);
INSERT INTO CREDITDB.CLIENT (ID_TARGET, FIRST_NAME, LAST_NAME, NATIONAL_ID, TYPE_NATIONAL_ID, STATUS, CREATION_USER, CREATION_DATE) VALUES (2, 'Robby', 'Surman-Wells', 'yf75i6i6', 'PA', 1, 'ADMIN', CURRENT_TIMESTAMP);
INSERT INTO CREDITDB.CLIENT (ID_TARGET, FIRST_NAME, LAST_NAME, NATIONAL_ID, TYPE_NATIONAL_ID, STATUS, CREATION_USER, CREATION_DATE) VALUES (1, 'Eba', 'Miranda', 'iw48y8p6', 'PA', 1, 'ADMIN', CURRENT_TIMESTAMP);
INSERT INTO CREDITDB.CLIENT (ID_TARGET, FIRST_NAME, LAST_NAME, NATIONAL_ID, TYPE_NATIONAL_ID, STATUS, CREATION_USER, CREATION_DATE) VALUES (3, 'Blanche', 'Breacher', 'pu22a8p1', 'PA', 1, 'ADMIN', CURRENT_TIMESTAMP);
INSERT INTO CREDITDB.CLIENT (ID_TARGET, FIRST_NAME, LAST_NAME, NATIONAL_ID, TYPE_NATIONAL_ID, STATUS, CREATION_USER, CREATION_DATE) VALUES (2, 'Collette', 'Packwood', 'fb16l1j4', 'PA', 1, 'ADMIN', CURRENT_TIMESTAMP);
INSERT INTO CREDITDB.CLIENT (ID_TARGET, FIRST_NAME, LAST_NAME, NATIONAL_ID, TYPE_NATIONAL_ID, STATUS, CREATION_USER, CREATION_DATE) VALUES (2, 'Terese', 'Fusedale', 'sb69s7l0', 'PA', 1, 'ADMIN', CURRENT_TIMESTAMP);
INSERT INTO CREDITDB.CLIENT (ID_TARGET, FIRST_NAME, LAST_NAME, NATIONAL_ID, TYPE_NATIONAL_ID, STATUS, CREATION_USER, CREATION_DATE) VALUES (3, 'Gail', 'Wilmott', 'ac34k9q5', 'PA', 1, 'ADMIN', CURRENT_TIMESTAMP);
INSERT INTO CREDITDB.CLIENT (ID_TARGET, FIRST_NAME, LAST_NAME, NATIONAL_ID, TYPE_NATIONAL_ID, STATUS, CREATION_USER, CREATION_DATE) VALUES (3, 'Sandor', 'Emanuelli', 'lu21d1e4', 'PA', 1, 'ADMIN', CURRENT_TIMESTAMP);
INSERT INTO CREDITDB.CLIENT (ID_TARGET, FIRST_NAME, LAST_NAME, NATIONAL_ID, TYPE_NATIONAL_ID, STATUS, CREATION_USER, CREATION_DATE) VALUES (2, 'Beatrice', 'Dendle', 'lz08p1p1', 'PA', 1, 'ADMIN', CURRENT_TIMESTAMP);
INSERT INTO CREDITDB.CLIENT (ID_TARGET, FIRST_NAME, LAST_NAME, NATIONAL_ID, TYPE_NATIONAL_ID, STATUS, CREATION_USER, CREATION_DATE) VALUES (1, 'Preston', 'Brookton', 'bs92o7g3', 'PA', 1, 'ADMIN', CURRENT_TIMESTAMP);
INSERT INTO CREDITDB.CLIENT (ID_TARGET, FIRST_NAME, LAST_NAME, NATIONAL_ID, TYPE_NATIONAL_ID, STATUS, CREATION_USER, CREATION_DATE) VALUES (1, 'Remy', 'Gosford', 'di35o8m3', 'PA', 1, 'ADMIN', CURRENT_TIMESTAMP);
INSERT INTO CREDITDB.CLIENT (ID_TARGET, FIRST_NAME, LAST_NAME, NATIONAL_ID, TYPE_NATIONAL_ID, STATUS, CREATION_USER, CREATION_DATE) VALUES (3, 'Olympe', 'MacPaike', 'th75m9x0', 'PA', 1, 'ADMIN', CURRENT_TIMESTAMP);
INSERT INTO CREDITDB.CLIENT (ID_TARGET, FIRST_NAME, LAST_NAME, NATIONAL_ID, TYPE_NATIONAL_ID, STATUS, CREATION_USER, CREATION_DATE) VALUES (2, 'Crystie', 'Gilhool', 'ei05x5b3', 'PA', 1, 'ADMIN', CURRENT_TIMESTAMP);
INSERT INTO CREDITDB.CLIENT (ID_TARGET, FIRST_NAME, LAST_NAME, NATIONAL_ID, TYPE_NATIONAL_ID, STATUS, CREATION_USER, CREATION_DATE) VALUES (3, 'Vera', 'Elderbrant', 'bh15b6q4', 'PA', 1, 'ADMIN', CURRENT_TIMESTAMP);
INSERT INTO CREDITDB.CLIENT (ID_TARGET, FIRST_NAME, LAST_NAME, NATIONAL_ID, TYPE_NATIONAL_ID, STATUS, CREATION_USER, CREATION_DATE) VALUES (3, 'Gweneth', 'Spavon', 'bi20n2v1', 'PA', 1, 'ADMIN', CURRENT_TIMESTAMP);
INSERT INTO CREDITDB.CLIENT (ID_TARGET, FIRST_NAME, LAST_NAME, NATIONAL_ID, TYPE_NATIONAL_ID, STATUS, CREATION_USER, CREATION_DATE) VALUES (1, 'Hildegarde', 'Bayle', 'cn43x8q8', 'PA', 1, 'ADMIN', CURRENT_TIMESTAMP);
INSERT INTO CREDITDB.CLIENT (ID_TARGET, FIRST_NAME, LAST_NAME, NATIONAL_ID, TYPE_NATIONAL_ID, STATUS, CREATION_USER, CREATION_DATE) VALUES (3, 'Thom', 'Waby', 'pd36q6l8', 'PA', 1, 'ADMIN', CURRENT_TIMESTAMP);
INSERT INTO CREDITDB.CLIENT (ID_TARGET, FIRST_NAME, LAST_NAME, NATIONAL_ID, TYPE_NATIONAL_ID, STATUS, CREATION_USER, CREATION_DATE) VALUES (3, 'Fraser', 'Swannell', 'ks31d5q1', 'PA', 1, 'ADMIN', CURRENT_TIMESTAMP);
INSERT INTO CREDITDB.CLIENT (ID_TARGET, FIRST_NAME, LAST_NAME, NATIONAL_ID, TYPE_NATIONAL_ID, STATUS, CREATION_USER, CREATION_DATE) VALUES (1, 'Flo', 'Abdy', 'fp83b9t9', 'PA', 1, 'ADMIN', CURRENT_TIMESTAMP);
INSERT INTO CREDITDB.CLIENT (ID_TARGET, FIRST_NAME, LAST_NAME, NATIONAL_ID, TYPE_NATIONAL_ID, STATUS, CREATION_USER, CREATION_DATE) VALUES (2, 'Denney', 'Burree', 'ae02t7b4', 'PA', 1, 'ADMIN', CURRENT_TIMESTAMP);
INSERT INTO CREDITDB.CLIENT (ID_TARGET, FIRST_NAME, LAST_NAME, NATIONAL_ID, TYPE_NATIONAL_ID, STATUS, CREATION_USER, CREATION_DATE) VALUES (1, 'Bryanty', 'Beebe', 'rw21k5x4', 'PA', 1, 'ADMIN', CURRENT_TIMESTAMP);
INSERT INTO CREDITDB.CLIENT (ID_TARGET, FIRST_NAME, LAST_NAME, NATIONAL_ID, TYPE_NATIONAL_ID, STATUS, CREATION_USER, CREATION_DATE) VALUES (2, 'Lynett', 'Ledgeway', 'dk47o8v7', 'PA', 1, 'ADMIN', CURRENT_TIMESTAMP);
INSERT INTO CREDITDB.CLIENT (ID_TARGET, FIRST_NAME, LAST_NAME, NATIONAL_ID, TYPE_NATIONAL_ID, STATUS, CREATION_USER, CREATION_DATE) VALUES (2, 'Neill', 'Hacker', 'nh32j8t5', 'PA', 1, 'ADMIN', CURRENT_TIMESTAMP);
INSERT INTO CREDITDB.CLIENT (ID_TARGET, FIRST_NAME, LAST_NAME, NATIONAL_ID, TYPE_NATIONAL_ID, STATUS, CREATION_USER, CREATION_DATE) VALUES (3, 'Gerty', 'Trynor', 'uj64x4e6', 'PA', 1, 'ADMIN', CURRENT_TIMESTAMP);
INSERT INTO CREDITDB.CLIENT (ID_TARGET, FIRST_NAME, LAST_NAME, NATIONAL_ID, TYPE_NATIONAL_ID, STATUS, CREATION_USER, CREATION_DATE) VALUES (3, 'Melisa', 'Costelow', 'fg05w4f4', 'PA', 1, 'ADMIN', CURRENT_TIMESTAMP);
INSERT INTO CREDITDB.CLIENT (ID_TARGET, FIRST_NAME, LAST_NAME, NATIONAL_ID, TYPE_NATIONAL_ID, STATUS, CREATION_USER, CREATION_DATE) VALUES (1, 'Barbey', 'Testin', 'nb86z9p9', 'PA', 1, 'ADMIN', CURRENT_TIMESTAMP);
INSERT INTO CREDITDB.CLIENT (ID_TARGET, FIRST_NAME, LAST_NAME, NATIONAL_ID, TYPE_NATIONAL_ID, STATUS, CREATION_USER, CREATION_DATE) VALUES (3, 'Vickie', 'Toler', 'dl83d5n8', 'PA', 1, 'ADMIN', CURRENT_TIMESTAMP);
INSERT INTO CREDITDB.CLIENT (ID_TARGET, FIRST_NAME, LAST_NAME, NATIONAL_ID, TYPE_NATIONAL_ID, STATUS, CREATION_USER, CREATION_DATE) VALUES (1, 'Melessa', 'Perren', 'kj74y0g8', 'PA', 1, 'ADMIN', CURRENT_TIMESTAMP);
INSERT INTO CREDITDB.CLIENT (ID_TARGET, FIRST_NAME, LAST_NAME, NATIONAL_ID, TYPE_NATIONAL_ID, STATUS, CREATION_USER, CREATION_DATE) VALUES (3, 'Brett', 'Robberecht', 'rh76d9j6', 'PA', 1, 'ADMIN', CURRENT_TIMESTAMP);
INSERT INTO CREDITDB.CLIENT (ID_TARGET, FIRST_NAME, LAST_NAME, NATIONAL_ID, TYPE_NATIONAL_ID, STATUS, CREATION_USER, CREATION_DATE) VALUES (3, 'Kris', 'Billanie', 'de75s9w1', 'PA', 1, 'ADMIN', CURRENT_TIMESTAMP);
INSERT INTO CREDITDB.CLIENT (ID_TARGET, FIRST_NAME, LAST_NAME, NATIONAL_ID, TYPE_NATIONAL_ID, STATUS, CREATION_USER, CREATION_DATE) VALUES (2, 'Jarrett', 'Blowing', 'bc70y2d2', 'PA', 1, 'ADMIN', CURRENT_TIMESTAMP);
INSERT INTO CREDITDB.CLIENT (ID_TARGET, FIRST_NAME, LAST_NAME, NATIONAL_ID, TYPE_NATIONAL_ID, STATUS, CREATION_USER, CREATION_DATE) VALUES (3, 'Agretha', 'Tuckie', 'ie26z9d0', 'PA', 1, 'ADMIN', CURRENT_TIMESTAMP);
INSERT INTO CREDITDB.CLIENT (ID_TARGET, FIRST_NAME, LAST_NAME, NATIONAL_ID, TYPE_NATIONAL_ID, STATUS, CREATION_USER, CREATION_DATE) VALUES (1, 'Geraldine', 'Caraher', 'wk20m4q9', 'PA', 1, 'ADMIN', CURRENT_TIMESTAMP);
INSERT INTO CREDITDB.CLIENT (ID_TARGET, FIRST_NAME, LAST_NAME, NATIONAL_ID, TYPE_NATIONAL_ID, STATUS, CREATION_USER, CREATION_DATE) VALUES (3, 'Neill', 'Magarrell', 'yp28v3z5', 'PA', 1, 'ADMIN', CURRENT_TIMESTAMP);
INSERT INTO CREDITDB.CLIENT (ID_TARGET, FIRST_NAME, LAST_NAME, NATIONAL_ID, TYPE_NATIONAL_ID, STATUS, CREATION_USER, CREATION_DATE) VALUES (1, 'Tiffany', 'Gooderick', 'uz49t8m4', 'PA', 1, 'ADMIN', CURRENT_TIMESTAMP);
INSERT INTO CREDITDB.CLIENT (ID_TARGET, FIRST_NAME, LAST_NAME, NATIONAL_ID, TYPE_NATIONAL_ID, STATUS, CREATION_USER, CREATION_DATE) VALUES (2, 'Leshia', 'Larcombe', 'xj26w0c6', 'PA', 1, 'ADMIN', CURRENT_TIMESTAMP);
INSERT INTO CREDITDB.CLIENT (ID_TARGET, FIRST_NAME, LAST_NAME, NATIONAL_ID, TYPE_NATIONAL_ID, STATUS, CREATION_USER, CREATION_DATE) VALUES (2, 'Whitby', 'Geraud', 'pq22k4b0', 'PA', 1, 'ADMIN', CURRENT_TIMESTAMP);
INSERT INTO CREDITDB.CLIENT (ID_TARGET, FIRST_NAME, LAST_NAME, NATIONAL_ID, TYPE_NATIONAL_ID, STATUS, CREATION_USER, CREATION_DATE) VALUES (1, 'Kirbie', 'Wooff', 'co76t4i0', 'PA', 1, 'ADMIN', CURRENT_TIMESTAMP);
INSERT INTO CREDITDB.CLIENT (ID_TARGET, FIRST_NAME, LAST_NAME, NATIONAL_ID, TYPE_NATIONAL_ID, STATUS, CREATION_USER, CREATION_DATE) VALUES (3, 'Athena', 'Petrina', 'kd16j4u0', 'PA', 1, 'ADMIN', CURRENT_TIMESTAMP);
INSERT INTO CREDITDB.CLIENT (ID_TARGET, FIRST_NAME, LAST_NAME, NATIONAL_ID, TYPE_NATIONAL_ID, STATUS, CREATION_USER, CREATION_DATE) VALUES (1, 'Sterne', 'Blease', 'gl79h8b1', 'PA', 1, 'ADMIN', CURRENT_TIMESTAMP);
INSERT INTO CREDITDB.CLIENT (ID_TARGET, FIRST_NAME, LAST_NAME, NATIONAL_ID, TYPE_NATIONAL_ID, STATUS, CREATION_USER, CREATION_DATE) VALUES (1, 'Juline', 'Fewell', 'wy17a7h0', 'PA', 1, 'ADMIN', CURRENT_TIMESTAMP);
INSERT INTO CREDITDB.CLIENT (ID_TARGET, FIRST_NAME, LAST_NAME, NATIONAL_ID, TYPE_NATIONAL_ID, STATUS, CREATION_USER, CREATION_DATE) VALUES (2, 'Thaddus', 'Ferrulli', 'yf89u8e5', 'PA', 1, 'ADMIN', CURRENT_TIMESTAMP);
INSERT INTO CREDITDB.CLIENT (ID_TARGET, FIRST_NAME, LAST_NAME, NATIONAL_ID, TYPE_NATIONAL_ID, STATUS, CREATION_USER, CREATION_DATE) VALUES (1, 'Alexi', 'Chapelhow', 'hx97e4j2', 'PA', 1, 'ADMIN', CURRENT_TIMESTAMP);
INSERT INTO CREDITDB.CLIENT (ID_TARGET, FIRST_NAME, LAST_NAME, NATIONAL_ID, TYPE_NATIONAL_ID, STATUS, CREATION_USER, CREATION_DATE) VALUES (2, 'Bette-ann', 'Heijne', 'zg89s2q6', 'PA', 1, 'ADMIN', CURRENT_TIMESTAMP);
INSERT INTO CREDITDB.CLIENT (ID_TARGET, FIRST_NAME, LAST_NAME, NATIONAL_ID, TYPE_NATIONAL_ID, STATUS, CREATION_USER, CREATION_DATE) VALUES (1, 'Jamil', 'Pentycost', 'hn38s8o3', 'PA', 1, 'ADMIN', CURRENT_TIMESTAMP);
INSERT INTO CREDITDB.CLIENT (ID_TARGET, FIRST_NAME, LAST_NAME, NATIONAL_ID, TYPE_NATIONAL_ID, STATUS, CREATION_USER, CREATION_DATE) VALUES (3, 'Parry', 'Strasse', 'oc15g3x9', 'PA', 1, 'ADMIN', CURRENT_TIMESTAMP);
INSERT INTO CREDITDB.CLIENT (ID_TARGET, FIRST_NAME, LAST_NAME, NATIONAL_ID, TYPE_NATIONAL_ID, STATUS, CREATION_USER, CREATION_DATE) VALUES (3, 'Elise', 'Fosberry', 'xo78n2c5', 'PA', 1, 'ADMIN', CURRENT_TIMESTAMP);
INSERT INTO CREDITDB.CLIENT (ID_TARGET, FIRST_NAME, LAST_NAME, NATIONAL_ID, TYPE_NATIONAL_ID, STATUS, CREATION_USER, CREATION_DATE) VALUES (1, 'Gayle', 'Akett', 'sl87d9p8', 'PA', 1, 'ADMIN', CURRENT_TIMESTAMP);
INSERT INTO CREDITDB.CLIENT (ID_TARGET, FIRST_NAME, LAST_NAME, NATIONAL_ID, TYPE_NATIONAL_ID, STATUS, CREATION_USER, CREATION_DATE) VALUES (1, 'Chicky', 'Messingham', 'ex81f8h9', 'PA', 1, 'ADMIN', CURRENT_TIMESTAMP);
INSERT INTO CREDITDB.CLIENT (ID_TARGET, FIRST_NAME, LAST_NAME, NATIONAL_ID, TYPE_NATIONAL_ID, STATUS, CREATION_USER, CREATION_DATE) VALUES (3, 'Hally', 'Hearfield', 'yo11s3i6', 'PA', 1, 'ADMIN', CURRENT_TIMESTAMP);
INSERT INTO CREDITDB.CLIENT (ID_TARGET, FIRST_NAME, LAST_NAME, NATIONAL_ID, TYPE_NATIONAL_ID, STATUS, CREATION_USER, CREATION_DATE) VALUES (2, 'Merrile', 'Geater', 'he57g5s8', 'PA', 1, 'ADMIN', CURRENT_TIMESTAMP);
INSERT INTO CREDITDB.CLIENT (ID_TARGET, FIRST_NAME, LAST_NAME, NATIONAL_ID, TYPE_NATIONAL_ID, STATUS, CREATION_USER, CREATION_DATE) VALUES (3, 'Tiffie', 'Forbear', 'qe26v1f6', 'PA', 1, 'ADMIN', CURRENT_TIMESTAMP);
INSERT INTO CREDITDB.CLIENT (ID_TARGET, FIRST_NAME, LAST_NAME, NATIONAL_ID, TYPE_NATIONAL_ID, STATUS, CREATION_USER, CREATION_DATE) VALUES (1, 'Leanora', 'Fenby', 'cp18p6y1', 'PA', 1, 'ADMIN', CURRENT_TIMESTAMP);
INSERT INTO CREDITDB.CLIENT (ID_TARGET, FIRST_NAME, LAST_NAME, NATIONAL_ID, TYPE_NATIONAL_ID, STATUS, CREATION_USER, CREATION_DATE) VALUES (1, 'Patrizio', 'MacColgan', 'rh99u1a9', 'PA', 1, 'ADMIN', CURRENT_TIMESTAMP);
INSERT INTO CREDITDB.CLIENT (ID_TARGET, FIRST_NAME, LAST_NAME, NATIONAL_ID, TYPE_NATIONAL_ID, STATUS, CREATION_USER, CREATION_DATE) VALUES (1, 'Stanly', 'Girodias', 'od81o9d8', 'PA', 1, 'ADMIN', CURRENT_TIMESTAMP);
INSERT INTO CREDITDB.CLIENT (ID_TARGET, FIRST_NAME, LAST_NAME, NATIONAL_ID, TYPE_NATIONAL_ID, STATUS, CREATION_USER, CREATION_DATE) VALUES (3, 'Ricky', 'Murrells', 'rv84j8v3', 'PA', 1, 'ADMIN', CURRENT_TIMESTAMP);
INSERT INTO CREDITDB.CLIENT (ID_TARGET, FIRST_NAME, LAST_NAME, NATIONAL_ID, TYPE_NATIONAL_ID, STATUS, CREATION_USER, CREATION_DATE) VALUES (3, 'Hieronymus', 'Stonard', 'nk00h9d6', 'PA', 1, 'ADMIN', CURRENT_TIMESTAMP);
INSERT INTO CREDITDB.CLIENT (ID_TARGET, FIRST_NAME, LAST_NAME, NATIONAL_ID, TYPE_NATIONAL_ID, STATUS, CREATION_USER, CREATION_DATE) VALUES (1, 'Jan', 'Pavinese', 'ey53m5h6', 'PA', 1, 'ADMIN', CURRENT_TIMESTAMP);
INSERT INTO CREDITDB.CLIENT (ID_TARGET, FIRST_NAME, LAST_NAME, NATIONAL_ID, TYPE_NATIONAL_ID, STATUS, CREATION_USER, CREATION_DATE) VALUES (1, 'Josephine', 'Kilduff', 'uq56j5x6', 'PA', 1, 'ADMIN', CURRENT_TIMESTAMP);
INSERT INTO CREDITDB.CLIENT (ID_TARGET, FIRST_NAME, LAST_NAME, NATIONAL_ID, TYPE_NATIONAL_ID, STATUS, CREATION_USER, CREATION_DATE) VALUES (1, 'Dyan', 'Venney', 'wk42p5q9', 'PA', 1, 'ADMIN', CURRENT_TIMESTAMP);
INSERT INTO CREDITDB.CLIENT (ID_TARGET, FIRST_NAME, LAST_NAME, NATIONAL_ID, TYPE_NATIONAL_ID, STATUS, CREATION_USER, CREATION_DATE) VALUES (1, 'Tadio', 'Dougliss', 'co22r0r5', 'PA', 1, 'ADMIN', CURRENT_TIMESTAMP);
INSERT INTO CREDITDB.CLIENT (ID_TARGET, FIRST_NAME, LAST_NAME, NATIONAL_ID, TYPE_NATIONAL_ID, STATUS, CREATION_USER, CREATION_DATE) VALUES (3, 'Tova', 'Dalrymple', 'zf62m4q8', 'PA', 1, 'ADMIN', CURRENT_TIMESTAMP);
INSERT INTO CREDITDB.CLIENT (ID_TARGET, FIRST_NAME, LAST_NAME, NATIONAL_ID, TYPE_NATIONAL_ID, STATUS, CREATION_USER, CREATION_DATE) VALUES (2, 'Swen', 'Ellice', 'cb87z2o0', 'PA', 1, 'ADMIN', CURRENT_TIMESTAMP);
INSERT INTO CREDITDB.CLIENT (ID_TARGET, FIRST_NAME, LAST_NAME, NATIONAL_ID, TYPE_NATIONAL_ID, STATUS, CREATION_USER, CREATION_DATE) VALUES (2, 'Hallsy', 'Scurr', 'mb13d8q5', 'PA', 1, 'ADMIN', CURRENT_TIMESTAMP);
INSERT INTO CREDITDB.CLIENT (ID_TARGET, FIRST_NAME, LAST_NAME, NATIONAL_ID, TYPE_NATIONAL_ID, STATUS, CREATION_USER, CREATION_DATE) VALUES (2, 'Rosette', 'Rozanski', 'ru69e6m0', 'PA', 1, 'ADMIN', CURRENT_TIMESTAMP);
INSERT INTO CREDITDB.CLIENT (ID_TARGET, FIRST_NAME, LAST_NAME, NATIONAL_ID, TYPE_NATIONAL_ID, STATUS, CREATION_USER, CREATION_DATE) VALUES (3, 'Leonie', 'Klimus', 'zh47p2y8', 'PA', 1, 'ADMIN', CURRENT_TIMESTAMP);
INSERT INTO CREDITDB.CLIENT (ID_TARGET, FIRST_NAME, LAST_NAME, NATIONAL_ID, TYPE_NATIONAL_ID, STATUS, CREATION_USER, CREATION_DATE) VALUES (3, 'Zerk', 'Bavidge', 'ft96g4k2', 'PA', 1, 'ADMIN', CURRENT_TIMESTAMP);
INSERT INTO CREDITDB.CLIENT (ID_TARGET, FIRST_NAME, LAST_NAME, NATIONAL_ID, TYPE_NATIONAL_ID, STATUS, CREATION_USER, CREATION_DATE) VALUES (1, 'Alejandra', 'Eliesco', 'bh84t8d0', 'PA', 1, 'ADMIN', CURRENT_TIMESTAMP);
INSERT INTO CREDITDB.CLIENT (ID_TARGET, FIRST_NAME, LAST_NAME, NATIONAL_ID, TYPE_NATIONAL_ID, STATUS, CREATION_USER, CREATION_DATE) VALUES (3, 'Elliott', 'Jayes', 'qg29y3k5', 'PA', 1, 'ADMIN', CURRENT_TIMESTAMP);
INSERT INTO CREDITDB.CLIENT (ID_TARGET, FIRST_NAME, LAST_NAME, NATIONAL_ID, TYPE_NATIONAL_ID, STATUS, CREATION_USER, CREATION_DATE) VALUES (2, 'Cristian', 'Maxwale', 'la68w6e5', 'PA', 1, 'ADMIN', CURRENT_TIMESTAMP);
INSERT INTO CREDITDB.CLIENT (ID_TARGET, FIRST_NAME, LAST_NAME, NATIONAL_ID, TYPE_NATIONAL_ID, STATUS, CREATION_USER, CREATION_DATE) VALUES (2, 'Arlette', 'Jellis', 'zm45f0v5', 'PA', 1, 'ADMIN', CURRENT_TIMESTAMP);
INSERT INTO CREDITDB.CLIENT (ID_TARGET, FIRST_NAME, LAST_NAME, NATIONAL_ID, TYPE_NATIONAL_ID, STATUS, CREATION_USER, CREATION_DATE) VALUES (3, 'Corty', 'Scathard', 'hs78c0x3', 'PA', 1, 'ADMIN', CURRENT_TIMESTAMP);
INSERT INTO CREDITDB.CLIENT (ID_TARGET, FIRST_NAME, LAST_NAME, NATIONAL_ID, TYPE_NATIONAL_ID, STATUS, CREATION_USER, CREATION_DATE) VALUES (1, 'Dennison', 'Stare', 'qn74w8x6', 'PA', 1, 'ADMIN', CURRENT_TIMESTAMP);
INSERT INTO CREDITDB.CLIENT (ID_TARGET, FIRST_NAME, LAST_NAME, NATIONAL_ID, TYPE_NATIONAL_ID, STATUS, CREATION_USER, CREATION_DATE) VALUES (3, 'Deerdre', 'Corck', 'sc23r2j0', 'PA', 1, 'ADMIN', CURRENT_TIMESTAMP);
INSERT INTO CREDITDB.CLIENT (ID_TARGET, FIRST_NAME, LAST_NAME, NATIONAL_ID, TYPE_NATIONAL_ID, STATUS, CREATION_USER, CREATION_DATE) VALUES (2, 'Collete', 'Corde', 'vf70w2b7', 'PA', 1, 'ADMIN', CURRENT_TIMESTAMP);
INSERT INTO CREDITDB.CLIENT (ID_TARGET, FIRST_NAME, LAST_NAME, NATIONAL_ID, TYPE_NATIONAL_ID, STATUS, CREATION_USER, CREATION_DATE) VALUES (3, 'Van', 'Farran', 'xa97j9o0', 'PA', 1, 'ADMIN', CURRENT_TIMESTAMP);
INSERT INTO CREDITDB.CLIENT (ID_TARGET, FIRST_NAME, LAST_NAME, NATIONAL_ID, TYPE_NATIONAL_ID, STATUS, CREATION_USER, CREATION_DATE) VALUES (3, 'Nevsa', 'Blaschek', 'pv22d3u7', 'PA', 1, 'ADMIN', CURRENT_TIMESTAMP);
INSERT INTO CREDITDB.CLIENT (ID_TARGET, FIRST_NAME, LAST_NAME, NATIONAL_ID, TYPE_NATIONAL_ID, STATUS, CREATION_USER, CREATION_DATE) VALUES (1, 'Zachary', 'Le Count', 'fw53x9n8', 'PA', 1, 'ADMIN', CURRENT_TIMESTAMP);
INSERT INTO CREDITDB.CLIENT (ID_TARGET, FIRST_NAME, LAST_NAME, NATIONAL_ID, TYPE_NATIONAL_ID, STATUS, CREATION_USER, CREATION_DATE) VALUES (1, 'Lynnette', 'Ledgerton', 'tf20a3u7', 'PA', 1, 'ADMIN', CURRENT_TIMESTAMP);
INSERT INTO CREDITDB.CLIENT (ID_TARGET, FIRST_NAME, LAST_NAME, NATIONAL_ID, TYPE_NATIONAL_ID, STATUS, CREATION_USER, CREATION_DATE) VALUES (3, 'Hamil', 'Dimic', 'jj42p9h6', 'PA', 1, 'ADMIN', CURRENT_TIMESTAMP);
INSERT INTO CREDITDB.CLIENT (ID_TARGET, FIRST_NAME, LAST_NAME, NATIONAL_ID, TYPE_NATIONAL_ID, STATUS, CREATION_USER, CREATION_DATE) VALUES (1, 'Junette', 'Castellone', 'pi68w1m7', 'PA', 1, 'ADMIN', CURRENT_TIMESTAMP);
INSERT INTO CREDITDB.CLIENT (ID_TARGET, FIRST_NAME, LAST_NAME, NATIONAL_ID, TYPE_NATIONAL_ID, STATUS, CREATION_USER, CREATION_DATE) VALUES (3, 'Bee', 'Cantillon', 'gb74b2o9', 'PA', 1, 'ADMIN', CURRENT_TIMESTAMP);
INSERT INTO CREDITDB.CLIENT (ID_TARGET, FIRST_NAME, LAST_NAME, NATIONAL_ID, TYPE_NATIONAL_ID, STATUS, CREATION_USER, CREATION_DATE) VALUES (2, 'Neils', 'Duncanson', 'ka26j8u9', 'PA', 1, 'ADMIN', CURRENT_TIMESTAMP);
INSERT INTO CREDITDB.CLIENT (ID_TARGET, FIRST_NAME, LAST_NAME, NATIONAL_ID, TYPE_NATIONAL_ID, STATUS, CREATION_USER, CREATION_DATE) VALUES (3, 'Shaun', 'Bausmann', 'bj28n0s2', 'PA', 1, 'ADMIN', CURRENT_TIMESTAMP);
INSERT INTO CREDITDB.CLIENT (ID_TARGET, FIRST_NAME, LAST_NAME, NATIONAL_ID, TYPE_NATIONAL_ID, STATUS, CREATION_USER, CREATION_DATE) VALUES (1, 'Kale', 'Gilhooley', 'bj30f8s8', 'PA', 1, 'ADMIN', CURRENT_TIMESTAMP);
INSERT INTO CREDITDB.CLIENT (ID_TARGET, FIRST_NAME, LAST_NAME, NATIONAL_ID, TYPE_NATIONAL_ID, STATUS, CREATION_USER, CREATION_DATE) VALUES (1, 'Johnny', 'Chinge', 'ks39l3i8', 'PA', 1, 'ADMIN', CURRENT_TIMESTAMP);
INSERT INTO CREDITDB.CLIENT (ID_TARGET, FIRST_NAME, LAST_NAME, NATIONAL_ID, TYPE_NATIONAL_ID, STATUS, CREATION_USER, CREATION_DATE) VALUES (2, 'Elnore', 'Niessen', 'ku82t1w9', 'PA', 1, 'ADMIN', CURRENT_TIMESTAMP);
INSERT INTO CREDITDB.CLIENT (ID_TARGET, FIRST_NAME, LAST_NAME, NATIONAL_ID, TYPE_NATIONAL_ID, STATUS, CREATION_USER, CREATION_DATE) VALUES (2, 'Rayner', 'Szapiro', 'xe69r3v6', 'PA', 1, 'ADMIN', CURRENT_TIMESTAMP);
INSERT INTO CREDITDB.CLIENT (ID_TARGET, FIRST_NAME, LAST_NAME, NATIONAL_ID, TYPE_NATIONAL_ID, STATUS, CREATION_USER, CREATION_DATE) VALUES (1, 'Derrek', 'Gudgion', 'bi39e7i7', 'PA', 1, 'ADMIN', CURRENT_TIMESTAMP);
INSERT INTO CREDITDB.CLIENT (ID_TARGET, FIRST_NAME, LAST_NAME, NATIONAL_ID, TYPE_NATIONAL_ID, STATUS, CREATION_USER, CREATION_DATE) VALUES (3, 'Elden', 'Shearman', 'jp99m2s5', 'PA', 1, 'ADMIN', CURRENT_TIMESTAMP);
INSERT INTO CREDITDB.CLIENT (ID_TARGET, FIRST_NAME, LAST_NAME, NATIONAL_ID, TYPE_NATIONAL_ID, STATUS, CREATION_USER, CREATION_DATE) VALUES (2, 'Bil', 'Beggs', 'hj97h1n4', 'PA', 1, 'ADMIN', CURRENT_TIMESTAMP);
INSERT INTO CREDITDB.CLIENT (ID_TARGET, FIRST_NAME, LAST_NAME, NATIONAL_ID, TYPE_NATIONAL_ID, STATUS, CREATION_USER, CREATION_DATE) VALUES (2, 'Idalia', 'Simakov', 'yb84b9j6', 'PA', 1, 'ADMIN', CURRENT_TIMESTAMP);
INSERT INTO CREDITDB.CLIENT (ID_TARGET, FIRST_NAME, LAST_NAME, NATIONAL_ID, TYPE_NATIONAL_ID, STATUS, CREATION_USER, CREATION_DATE) VALUES (3, 'Ivonne', 'Wolffers', 'us57t9v7', 'PA', 1, 'ADMIN', CURRENT_TIMESTAMP);
INSERT INTO CREDITDB.CLIENT (ID_TARGET, FIRST_NAME, LAST_NAME, NATIONAL_ID, TYPE_NATIONAL_ID, STATUS, CREATION_USER, CREATION_DATE) VALUES (1, 'Vaughan', 'Garvan', 'qi71a9d2', 'PA', 1, 'ADMIN', CURRENT_TIMESTAMP);
INSERT INTO CREDITDB.CLIENT (ID_TARGET, FIRST_NAME, LAST_NAME, NATIONAL_ID, TYPE_NATIONAL_ID, STATUS, CREATION_USER, CREATION_DATE) VALUES (3, 'Joelynn', 'Dabes', 'tj01v2s2', 'PA', 1, 'ADMIN', CURRENT_TIMESTAMP);
INSERT INTO CREDITDB.CLIENT (ID_TARGET, FIRST_NAME, LAST_NAME, NATIONAL_ID, TYPE_NATIONAL_ID, STATUS, CREATION_USER, CREATION_DATE) VALUES (1, 'Bernelle', 'Mullett', 'ws27n2g8', 'PA', 1, 'ADMIN', CURRENT_TIMESTAMP);
INSERT INTO CREDITDB.CLIENT (ID_TARGET, FIRST_NAME, LAST_NAME, NATIONAL_ID, TYPE_NATIONAL_ID, STATUS, CREATION_USER, CREATION_DATE) VALUES (2, 'Umeko', 'Scutts', 'wx41m9c9', 'PA', 1, 'ADMIN', CURRENT_TIMESTAMP);
INSERT INTO CREDITDB.CLIENT (ID_TARGET, FIRST_NAME, LAST_NAME, NATIONAL_ID, TYPE_NATIONAL_ID, STATUS, CREATION_USER, CREATION_DATE) VALUES (3, 'Suki', 'Emmitt', 'yt24x1j8', 'PA', 1, 'ADMIN', CURRENT_TIMESTAMP);
INSERT INTO CREDITDB.CLIENT (ID_TARGET, FIRST_NAME, LAST_NAME, NATIONAL_ID, TYPE_NATIONAL_ID, STATUS, CREATION_USER, CREATION_DATE) VALUES (3, 'Irwinn', 'Golda', 'um04a0h6', 'PA', 1, 'ADMIN', CURRENT_TIMESTAMP);
INSERT INTO CREDITDB.CLIENT (ID_TARGET, FIRST_NAME, LAST_NAME, NATIONAL_ID, TYPE_NATIONAL_ID, STATUS, CREATION_USER, CREATION_DATE) VALUES (2, 'Carlynne', 'Gerault', 'lz11t9t7', 'PA', 1, 'ADMIN', CURRENT_TIMESTAMP);
INSERT INTO CREDITDB.CLIENT (ID_TARGET, FIRST_NAME, LAST_NAME, NATIONAL_ID, TYPE_NATIONAL_ID, STATUS, CREATION_USER, CREATION_DATE) VALUES (1, 'James', 'Nancarrow', 'as41i7t2', 'PA', 1, 'ADMIN', CURRENT_TIMESTAMP);
INSERT INTO CREDITDB.CLIENT (ID_TARGET, FIRST_NAME, LAST_NAME, NATIONAL_ID, TYPE_NATIONAL_ID, STATUS, CREATION_USER, CREATION_DATE) VALUES (1, 'Morey', 'Bellam', 'gy84o6d2', 'PA', 1, 'ADMIN', CURRENT_TIMESTAMP);
INSERT INTO CREDITDB.CLIENT (ID_TARGET, FIRST_NAME, LAST_NAME, NATIONAL_ID, TYPE_NATIONAL_ID, STATUS, CREATION_USER, CREATION_DATE) VALUES (1, 'Sayres', 'Forster', 'hk65r9p3', 'PA', 1, 'ADMIN', CURRENT_TIMESTAMP);
INSERT INTO CREDITDB.CLIENT (ID_TARGET, FIRST_NAME, LAST_NAME, NATIONAL_ID, TYPE_NATIONAL_ID, STATUS, CREATION_USER, CREATION_DATE) VALUES (1, 'Lacee', 'Keelinge', 'ch84t1e4', 'PA', 1, 'ADMIN', CURRENT_TIMESTAMP);
INSERT INTO CREDITDB.CLIENT (ID_TARGET, FIRST_NAME, LAST_NAME, NATIONAL_ID, TYPE_NATIONAL_ID, STATUS, CREATION_USER, CREATION_DATE) VALUES (1, 'Rora', 'Romero', 'ae83g4t0', 'PA', 1, 'ADMIN', CURRENT_TIMESTAMP);
INSERT INTO CREDITDB.CLIENT (ID_TARGET, FIRST_NAME, LAST_NAME, NATIONAL_ID, TYPE_NATIONAL_ID, STATUS, CREATION_USER, CREATION_DATE) VALUES (2, 'Davina', 'Roland', 'ym12l7q7', 'PA', 1, 'ADMIN', CURRENT_TIMESTAMP);
INSERT INTO CREDITDB.CLIENT (ID_TARGET, FIRST_NAME, LAST_NAME, NATIONAL_ID, TYPE_NATIONAL_ID, STATUS, CREATION_USER, CREATION_DATE) VALUES (1, 'Carole', 'Hedan', 'ss70n1u3', 'PA', 1, 'ADMIN', CURRENT_TIMESTAMP);
INSERT INTO CREDITDB.CLIENT (ID_TARGET, FIRST_NAME, LAST_NAME, NATIONAL_ID, TYPE_NATIONAL_ID, STATUS, CREATION_USER, CREATION_DATE) VALUES (2, 'Ingrid', 'Bosenworth', 'kr32m7m3', 'PA', 1, 'ADMIN', CURRENT_TIMESTAMP);
INSERT INTO CREDITDB.CLIENT (ID_TARGET, FIRST_NAME, LAST_NAME, NATIONAL_ID, TYPE_NATIONAL_ID, STATUS, CREATION_USER, CREATION_DATE) VALUES (3, 'Batholomew', 'Peter', 'qj61s9s7', 'PA', 1, 'ADMIN', CURRENT_TIMESTAMP);
INSERT INTO CREDITDB.CLIENT (ID_TARGET, FIRST_NAME, LAST_NAME, NATIONAL_ID, TYPE_NATIONAL_ID, STATUS, CREATION_USER, CREATION_DATE) VALUES (1, 'Debera', 'Anglim', 'if75p3j9', 'PA', 1, 'ADMIN', CURRENT_TIMESTAMP);
INSERT INTO CREDITDB.CLIENT (ID_TARGET, FIRST_NAME, LAST_NAME, NATIONAL_ID, TYPE_NATIONAL_ID, STATUS, CREATION_USER, CREATION_DATE) VALUES (3, 'Lilly', 'Mingardo', 'cm95y8i8', 'PA', 1, 'ADMIN', CURRENT_TIMESTAMP);
INSERT INTO CREDITDB.CLIENT (ID_TARGET, FIRST_NAME, LAST_NAME, NATIONAL_ID, TYPE_NATIONAL_ID, STATUS, CREATION_USER, CREATION_DATE) VALUES (2, 'Isac', 'McBlain', 'ks70o3d4', 'PA', 1, 'ADMIN', CURRENT_TIMESTAMP);
INSERT INTO CREDITDB.CLIENT (ID_TARGET, FIRST_NAME, LAST_NAME, NATIONAL_ID, TYPE_NATIONAL_ID, STATUS, CREATION_USER, CREATION_DATE) VALUES (3, 'Welby', 'Rabl', 'jm39a9v1', 'PA', 1, 'ADMIN', CURRENT_TIMESTAMP);
INSERT INTO CREDITDB.CLIENT (ID_TARGET, FIRST_NAME, LAST_NAME, NATIONAL_ID, TYPE_NATIONAL_ID, STATUS, CREATION_USER, CREATION_DATE) VALUES (3, 'Dyana', 'Massel', 'bm75d8j7', 'PA', 1, 'ADMIN', CURRENT_TIMESTAMP);
INSERT INTO CREDITDB.CLIENT (ID_TARGET, FIRST_NAME, LAST_NAME, NATIONAL_ID, TYPE_NATIONAL_ID, STATUS, CREATION_USER, CREATION_DATE) VALUES (3, 'Rivy', 'Coil', 'hz12q3x3', 'PA', 1, 'ADMIN', CURRENT_TIMESTAMP);
INSERT INTO CREDITDB.CLIENT (ID_TARGET, FIRST_NAME, LAST_NAME, NATIONAL_ID, TYPE_NATIONAL_ID, STATUS, CREATION_USER, CREATION_DATE) VALUES (2, 'Edgard', 'Chaucer', 'ro68x2p3', 'PA', 1, 'ADMIN', CURRENT_TIMESTAMP);
INSERT INTO CREDITDB.CLIENT (ID_TARGET, FIRST_NAME, LAST_NAME, NATIONAL_ID, TYPE_NATIONAL_ID, STATUS, CREATION_USER, CREATION_DATE) VALUES (3, 'Nataniel', 'Belderfield', 'ck96g6c4', 'PA', 1, 'ADMIN', CURRENT_TIMESTAMP);
INSERT INTO CREDITDB.CLIENT (ID_TARGET, FIRST_NAME, LAST_NAME, NATIONAL_ID, TYPE_NATIONAL_ID, STATUS, CREATION_USER, CREATION_DATE) VALUES (3, 'Adrianna', 'Getcliff', 'bz13f2z3', 'PA', 1, 'ADMIN', CURRENT_TIMESTAMP);
INSERT INTO CREDITDB.CLIENT (ID_TARGET, FIRST_NAME, LAST_NAME, NATIONAL_ID, TYPE_NATIONAL_ID, STATUS, CREATION_USER, CREATION_DATE) VALUES (2, 'Nichole', 'Zuppa', 'bw41s1m7', 'PA', 1, 'ADMIN', CURRENT_TIMESTAMP);
INSERT INTO CREDITDB.CLIENT (ID_TARGET, FIRST_NAME, LAST_NAME, NATIONAL_ID, TYPE_NATIONAL_ID, STATUS, CREATION_USER, CREATION_DATE) VALUES (2, 'Teresina', 'Deviney', 'bn85u6n0', 'PA', 1, 'ADMIN', CURRENT_TIMESTAMP);
INSERT INTO CREDITDB.CLIENT (ID_TARGET, FIRST_NAME, LAST_NAME, NATIONAL_ID, TYPE_NATIONAL_ID, STATUS, CREATION_USER, CREATION_DATE) VALUES (2, 'Gage', 'Darmody', 'xb12q5g9', 'PA', 1, 'ADMIN', CURRENT_TIMESTAMP);
INSERT INTO CREDITDB.CLIENT (ID_TARGET, FIRST_NAME, LAST_NAME, NATIONAL_ID, TYPE_NATIONAL_ID, STATUS, CREATION_USER, CREATION_DATE) VALUES (3, 'Cleon', 'Brogini', 'nl21v6c4', 'PA', 1, 'ADMIN', CURRENT_TIMESTAMP);
INSERT INTO CREDITDB.CLIENT (ID_TARGET, FIRST_NAME, LAST_NAME, NATIONAL_ID, TYPE_NATIONAL_ID, STATUS, CREATION_USER, CREATION_DATE) VALUES (3, 'Alonzo', 'Dies', 'we65j6g2', 'PA', 1, 'ADMIN', CURRENT_TIMESTAMP);
INSERT INTO CREDITDB.CLIENT (ID_TARGET, FIRST_NAME, LAST_NAME, NATIONAL_ID, TYPE_NATIONAL_ID, STATUS, CREATION_USER, CREATION_DATE) VALUES (3, 'Timmie', 'Czajka', 'xg61p5w3', 'PA', 1, 'ADMIN', CURRENT_TIMESTAMP);
INSERT INTO CREDITDB.CLIENT (ID_TARGET, FIRST_NAME, LAST_NAME, NATIONAL_ID, TYPE_NATIONAL_ID, STATUS, CREATION_USER, CREATION_DATE) VALUES (3, 'Tiffie', 'Barbe', 'vk49c8g7', 'PA', 1, 'ADMIN', CURRENT_TIMESTAMP);
INSERT INTO CREDITDB.CLIENT (ID_TARGET, FIRST_NAME, LAST_NAME, NATIONAL_ID, TYPE_NATIONAL_ID, STATUS, CREATION_USER, CREATION_DATE) VALUES (1, 'Gussie', 'Watson-Brown', 'bw58u9o5', 'PA', 1, 'ADMIN', CURRENT_TIMESTAMP);
INSERT INTO CREDITDB.CLIENT (ID_TARGET, FIRST_NAME, LAST_NAME, NATIONAL_ID, TYPE_NATIONAL_ID, STATUS, CREATION_USER, CREATION_DATE) VALUES (1, 'Carita', 'Mowen', 'yl48u3n2', 'PA', 1, 'ADMIN', CURRENT_TIMESTAMP);
INSERT INTO CREDITDB.CLIENT (ID_TARGET, FIRST_NAME, LAST_NAME, NATIONAL_ID, TYPE_NATIONAL_ID, STATUS, CREATION_USER, CREATION_DATE) VALUES (1, 'Stefan', 'Guys', 'ca44c4t5', 'PA', 1, 'ADMIN', CURRENT_TIMESTAMP);
INSERT INTO CREDITDB.CLIENT (ID_TARGET, FIRST_NAME, LAST_NAME, NATIONAL_ID, TYPE_NATIONAL_ID, STATUS, CREATION_USER, CREATION_DATE) VALUES (2, 'Abby', 'Betchley', 'vj38n4s7', 'PA', 1, 'ADMIN', CURRENT_TIMESTAMP);
INSERT INTO CREDITDB.CLIENT (ID_TARGET, FIRST_NAME, LAST_NAME, NATIONAL_ID, TYPE_NATIONAL_ID, STATUS, CREATION_USER, CREATION_DATE) VALUES (2, 'Belinda', 'Duguid', 'pv37f7c3', 'PA', 1, 'ADMIN', CURRENT_TIMESTAMP);
INSERT INTO CREDITDB.CLIENT (ID_TARGET, FIRST_NAME, LAST_NAME, NATIONAL_ID, TYPE_NATIONAL_ID, STATUS, CREATION_USER, CREATION_DATE) VALUES (2, 'Val', 'De Haven', 'am72f3w2', 'PA', 1, 'ADMIN', CURRENT_TIMESTAMP);
INSERT INTO CREDITDB.CLIENT (ID_TARGET, FIRST_NAME, LAST_NAME, NATIONAL_ID, TYPE_NATIONAL_ID, STATUS, CREATION_USER, CREATION_DATE) VALUES (2, 'Spence', 'Lorant', 'gn53t3u4', 'PA', 1, 'ADMIN', CURRENT_TIMESTAMP);
INSERT INTO CREDITDB.CLIENT (ID_TARGET, FIRST_NAME, LAST_NAME, NATIONAL_ID, TYPE_NATIONAL_ID, STATUS, CREATION_USER, CREATION_DATE) VALUES (1, 'Claudetta', 'Schultheiss', 'ek67k6k4', 'PA', 1, 'ADMIN', CURRENT_TIMESTAMP);
INSERT INTO CREDITDB.CLIENT (ID_TARGET, FIRST_NAME, LAST_NAME, NATIONAL_ID, TYPE_NATIONAL_ID, STATUS, CREATION_USER, CREATION_DATE) VALUES (2, 'Kippy', 'Seine', 'xg74w7j0', 'PA', 1, 'ADMIN', CURRENT_TIMESTAMP);
INSERT INTO CREDITDB.CLIENT (ID_TARGET, FIRST_NAME, LAST_NAME, NATIONAL_ID, TYPE_NATIONAL_ID, STATUS, CREATION_USER, CREATION_DATE) VALUES (3, 'Hally', 'Struss', 'yh74l2i2', 'PA', 1, 'ADMIN', CURRENT_TIMESTAMP);
INSERT INTO CREDITDB.CLIENT (ID_TARGET, FIRST_NAME, LAST_NAME, NATIONAL_ID, TYPE_NATIONAL_ID, STATUS, CREATION_USER, CREATION_DATE) VALUES (2, 'Barrett', 'Beddingham', 'na52v7z2', 'PA', 1, 'ADMIN', CURRENT_TIMESTAMP);
INSERT INTO CREDITDB.CLIENT (ID_TARGET, FIRST_NAME, LAST_NAME, NATIONAL_ID, TYPE_NATIONAL_ID, STATUS, CREATION_USER, CREATION_DATE) VALUES (2, 'Angeli', 'Santarelli', 'eh17a9e3', 'PA', 1, 'ADMIN', CURRENT_TIMESTAMP);
INSERT INTO CREDITDB.CLIENT (ID_TARGET, FIRST_NAME, LAST_NAME, NATIONAL_ID, TYPE_NATIONAL_ID, STATUS, CREATION_USER, CREATION_DATE) VALUES (1, 'Veronica', 'Babcock', 'io73k8c1', 'PA', 1, 'ADMIN', CURRENT_TIMESTAMP);
INSERT INTO CREDITDB.CLIENT (ID_TARGET, FIRST_NAME, LAST_NAME, NATIONAL_ID, TYPE_NATIONAL_ID, STATUS, CREATION_USER, CREATION_DATE) VALUES (2, 'Margaretta', 'Dodworth', 'dw15x2q1', 'PA', 1, 'ADMIN', CURRENT_TIMESTAMP);
INSERT INTO CREDITDB.CLIENT (ID_TARGET, FIRST_NAME, LAST_NAME, NATIONAL_ID, TYPE_NATIONAL_ID, STATUS, CREATION_USER, CREATION_DATE) VALUES (1, 'Mignonne', 'Pundy', 'ra31n3g4', 'PA', 1, 'ADMIN', CURRENT_TIMESTAMP);
INSERT INTO CREDITDB.CLIENT (ID_TARGET, FIRST_NAME, LAST_NAME, NATIONAL_ID, TYPE_NATIONAL_ID, STATUS, CREATION_USER, CREATION_DATE) VALUES (1, 'Sidney', 'Stert', 'iw81p5v9', 'PA', 1, 'ADMIN', CURRENT_TIMESTAMP);
INSERT INTO CREDITDB.CLIENT (ID_TARGET, FIRST_NAME, LAST_NAME, NATIONAL_ID, TYPE_NATIONAL_ID, STATUS, CREATION_USER, CREATION_DATE) VALUES (3, 'Aleen', 'Landers', 'kn63r6s8', 'PA', 1, 'ADMIN', CURRENT_TIMESTAMP);
INSERT INTO CREDITDB.CLIENT (ID_TARGET, FIRST_NAME, LAST_NAME, NATIONAL_ID, TYPE_NATIONAL_ID, STATUS, CREATION_USER, CREATION_DATE) VALUES (2, 'Walliw', 'Mouton', 'dn12j1p0', 'PA', 1, 'ADMIN', CURRENT_TIMESTAMP);
INSERT INTO CREDITDB.CLIENT (ID_TARGET, FIRST_NAME, LAST_NAME, NATIONAL_ID, TYPE_NATIONAL_ID, STATUS, CREATION_USER, CREATION_DATE) VALUES (2, 'Cchaddie', 'Boxen', 'ko59h7d9', 'PA', 1, 'ADMIN', CURRENT_TIMESTAMP);
INSERT INTO CREDITDB.CLIENT (ID_TARGET, FIRST_NAME, LAST_NAME, NATIONAL_ID, TYPE_NATIONAL_ID, STATUS, CREATION_USER, CREATION_DATE) VALUES (3, 'Stearne', 'Maddaford', 'ga27c4k7', 'PA', 1, 'ADMIN', CURRENT_TIMESTAMP);
INSERT INTO CREDITDB.CLIENT (ID_TARGET, FIRST_NAME, LAST_NAME, NATIONAL_ID, TYPE_NATIONAL_ID, STATUS, CREATION_USER, CREATION_DATE) VALUES (3, 'Clemmie', 'Dyhouse', 'nh49o6y9', 'PA', 1, 'ADMIN', CURRENT_TIMESTAMP);
INSERT INTO CREDITDB.CLIENT (ID_TARGET, FIRST_NAME, LAST_NAME, NATIONAL_ID, TYPE_NATIONAL_ID, STATUS, CREATION_USER, CREATION_DATE) VALUES (1, 'Ephrem', 'Spellacey', 'xt98y0g8', 'PA', 1, 'ADMIN', CURRENT_TIMESTAMP);
INSERT INTO CREDITDB.CLIENT (ID_TARGET, FIRST_NAME, LAST_NAME, NATIONAL_ID, TYPE_NATIONAL_ID, STATUS, CREATION_USER, CREATION_DATE) VALUES (2, 'Anatol', 'Galgey', 'tx34o7g5', 'PA', 1, 'ADMIN', CURRENT_TIMESTAMP);
INSERT INTO CREDITDB.CLIENT (ID_TARGET, FIRST_NAME, LAST_NAME, NATIONAL_ID, TYPE_NATIONAL_ID, STATUS, CREATION_USER, CREATION_DATE) VALUES (3, 'Lorant', 'Cuddehy', 'wz56r8m7', 'PA', 1, 'ADMIN', CURRENT_TIMESTAMP);
INSERT INTO CREDITDB.CLIENT (ID_TARGET, FIRST_NAME, LAST_NAME, NATIONAL_ID, TYPE_NATIONAL_ID, STATUS, CREATION_USER, CREATION_DATE) VALUES (2, 'Clerissa', 'Bryett', 'wx38j0n3', 'PA', 1, 'ADMIN', CURRENT_TIMESTAMP);
INSERT INTO CREDITDB.CLIENT (ID_TARGET, FIRST_NAME, LAST_NAME, NATIONAL_ID, TYPE_NATIONAL_ID, STATUS, CREATION_USER, CREATION_DATE) VALUES (1, 'Lenore', 'Habercham', 'jk86i2d5', 'PA', 1, 'ADMIN', CURRENT_TIMESTAMP);
INSERT INTO CREDITDB.CLIENT (ID_TARGET, FIRST_NAME, LAST_NAME, NATIONAL_ID, TYPE_NATIONAL_ID, STATUS, CREATION_USER, CREATION_DATE) VALUES (1, 'Gabriel', 'Mabee', 'pr36p8u6', 'PA', 1, 'ADMIN', CURRENT_TIMESTAMP);
INSERT INTO CREDITDB.CLIENT (ID_TARGET, FIRST_NAME, LAST_NAME, NATIONAL_ID, TYPE_NATIONAL_ID, STATUS, CREATION_USER, CREATION_DATE) VALUES (1, 'Heidie', 'Frawley', 'ke19b5w4', 'PA', 1, 'ADMIN', CURRENT_TIMESTAMP);
INSERT INTO CREDITDB.CLIENT (ID_TARGET, FIRST_NAME, LAST_NAME, NATIONAL_ID, TYPE_NATIONAL_ID, STATUS, CREATION_USER, CREATION_DATE) VALUES (3, 'Vasili', 'Edelheid', 'uh60h4l8', 'PA', 1, 'ADMIN', CURRENT_TIMESTAMP);
INSERT INTO CREDITDB.CLIENT (ID_TARGET, FIRST_NAME, LAST_NAME, NATIONAL_ID, TYPE_NATIONAL_ID, STATUS, CREATION_USER, CREATION_DATE) VALUES (1, 'Gunter', 'Joinson', 'hh12z9z6', 'PA', 1, 'ADMIN', CURRENT_TIMESTAMP);
INSERT INTO CREDITDB.CLIENT (ID_TARGET, FIRST_NAME, LAST_NAME, NATIONAL_ID, TYPE_NATIONAL_ID, STATUS, CREATION_USER, CREATION_DATE) VALUES (3, 'Cindy', 'Mackin', 'cc13e1g4', 'PA', 1, 'ADMIN', CURRENT_TIMESTAMP);
INSERT INTO CREDITDB.CLIENT (ID_TARGET, FIRST_NAME, LAST_NAME, NATIONAL_ID, TYPE_NATIONAL_ID, STATUS, CREATION_USER, CREATION_DATE) VALUES (2, 'Bill', 'Barstowk', 'bb83q6d0', 'PA', 1, 'ADMIN', CURRENT_TIMESTAMP);
INSERT INTO CREDITDB.CLIENT (ID_TARGET, FIRST_NAME, LAST_NAME, NATIONAL_ID, TYPE_NATIONAL_ID, STATUS, CREATION_USER, CREATION_DATE) VALUES (1, 'Malva', 'Di Boldi', 'jq15s9b2', 'PA', 1, 'ADMIN', CURRENT_TIMESTAMP);
INSERT INTO CREDITDB.CLIENT (ID_TARGET, FIRST_NAME, LAST_NAME, NATIONAL_ID, TYPE_NATIONAL_ID, STATUS, CREATION_USER, CREATION_DATE) VALUES (3, 'Amble', 'McAvaddy', 'wt97u9v5', 'PA', 1, 'ADMIN', CURRENT_TIMESTAMP);
INSERT INTO CREDITDB.CLIENT (ID_TARGET, FIRST_NAME, LAST_NAME, NATIONAL_ID, TYPE_NATIONAL_ID, STATUS, CREATION_USER, CREATION_DATE) VALUES (3, 'Judon', 'Lombardo', 'xn66u4u0', 'PA', 1, 'ADMIN', CURRENT_TIMESTAMP);
INSERT INTO CREDITDB.CLIENT (ID_TARGET, FIRST_NAME, LAST_NAME, NATIONAL_ID, TYPE_NATIONAL_ID, STATUS, CREATION_USER, CREATION_DATE) VALUES (1, 'Avigdor', 'Hackett', 'eg45g2d6', 'PA', 1, 'ADMIN', CURRENT_TIMESTAMP);
INSERT INTO CREDITDB.CLIENT (ID_TARGET, FIRST_NAME, LAST_NAME, NATIONAL_ID, TYPE_NATIONAL_ID, STATUS, CREATION_USER, CREATION_DATE) VALUES (2, 'Francklyn', 'Bracknell', 'lt58m9y4', 'PA', 1, 'ADMIN', CURRENT_TIMESTAMP);
INSERT INTO CREDITDB.CLIENT (ID_TARGET, FIRST_NAME, LAST_NAME, NATIONAL_ID, TYPE_NATIONAL_ID, STATUS, CREATION_USER, CREATION_DATE) VALUES (3, 'Abdel', 'Durant', 'hx61g1w3', 'PA', 1, 'ADMIN', CURRENT_TIMESTAMP);
INSERT INTO CREDITDB.CLIENT (ID_TARGET, FIRST_NAME, LAST_NAME, NATIONAL_ID, TYPE_NATIONAL_ID, STATUS, CREATION_USER, CREATION_DATE) VALUES (1, 'Lilly', 'Gaishson', 'by47o2t3', 'PA', 1, 'ADMIN', CURRENT_TIMESTAMP);
INSERT INTO CREDITDB.CLIENT (ID_TARGET, FIRST_NAME, LAST_NAME, NATIONAL_ID, TYPE_NATIONAL_ID, STATUS, CREATION_USER, CREATION_DATE) VALUES (3, 'Austina', 'Piniur', 'gp41c2c7', 'PA', 1, 'ADMIN', CURRENT_TIMESTAMP);
INSERT INTO CREDITDB.CLIENT (ID_TARGET, FIRST_NAME, LAST_NAME, NATIONAL_ID, TYPE_NATIONAL_ID, STATUS, CREATION_USER, CREATION_DATE) VALUES (2, 'Chevy', 'Goolden', 'na70v8q3', 'PA', 1, 'ADMIN', CURRENT_TIMESTAMP);
INSERT INTO CREDITDB.CLIENT (ID_TARGET, FIRST_NAME, LAST_NAME, NATIONAL_ID, TYPE_NATIONAL_ID, STATUS, CREATION_USER, CREATION_DATE) VALUES (3, 'Rhianna', 'Sirett', 'qo94j8s7', 'PA', 1, 'ADMIN', CURRENT_TIMESTAMP);
INSERT INTO CREDITDB.CLIENT (ID_TARGET, FIRST_NAME, LAST_NAME, NATIONAL_ID, TYPE_NATIONAL_ID, STATUS, CREATION_USER, CREATION_DATE) VALUES (2, 'Analise', 'Klimek', 'vw87y3a0', 'PA', 1, 'ADMIN', CURRENT_TIMESTAMP);
INSERT INTO CREDITDB.CLIENT (ID_TARGET, FIRST_NAME, LAST_NAME, NATIONAL_ID, TYPE_NATIONAL_ID, STATUS, CREATION_USER, CREATION_DATE) VALUES (3, 'Kerwinn', 'Gerry', 'ka68n8b2', 'PA', 1, 'ADMIN', CURRENT_TIMESTAMP);
INSERT INTO CREDITDB.CLIENT (ID_TARGET, FIRST_NAME, LAST_NAME, NATIONAL_ID, TYPE_NATIONAL_ID, STATUS, CREATION_USER, CREATION_DATE) VALUES (1, 'Sal', 'Moorey', 'ey89a1t5', 'PA', 1, 'ADMIN', CURRENT_TIMESTAMP);
INSERT INTO CREDITDB.CLIENT (ID_TARGET, FIRST_NAME, LAST_NAME, NATIONAL_ID, TYPE_NATIONAL_ID, STATUS, CREATION_USER, CREATION_DATE) VALUES (3, 'Rhodie', 'Leworthy', 'uj60p6g8', 'PA', 1, 'ADMIN', CURRENT_TIMESTAMP);
INSERT INTO CREDITDB.CLIENT (ID_TARGET, FIRST_NAME, LAST_NAME, NATIONAL_ID, TYPE_NATIONAL_ID, STATUS, CREATION_USER, CREATION_DATE) VALUES (1, 'Merrily', 'Sille', 'js96u4k9', 'PA', 1, 'ADMIN', CURRENT_TIMESTAMP);
INSERT INTO CREDITDB.CLIENT (ID_TARGET, FIRST_NAME, LAST_NAME, NATIONAL_ID, TYPE_NATIONAL_ID, STATUS, CREATION_USER, CREATION_DATE) VALUES (2, 'Tomlin', 'McGeorge', 'yi58r0s1', 'PA', 1, 'ADMIN', CURRENT_TIMESTAMP);
INSERT INTO CREDITDB.CLIENT (ID_TARGET, FIRST_NAME, LAST_NAME, NATIONAL_ID, TYPE_NATIONAL_ID, STATUS, CREATION_USER, CREATION_DATE) VALUES (1, 'Danie', 'Wagnerin', 'wv93c1b6', 'PA', 1, 'ADMIN', CURRENT_TIMESTAMP);
INSERT INTO CREDITDB.CLIENT (ID_TARGET, FIRST_NAME, LAST_NAME, NATIONAL_ID, TYPE_NATIONAL_ID, STATUS, CREATION_USER, CREATION_DATE) VALUES (1, 'Missie', 'Foad', 'ai61x8c2', 'PA', 1, 'ADMIN', CURRENT_TIMESTAMP);
INSERT INTO CREDITDB.CLIENT (ID_TARGET, FIRST_NAME, LAST_NAME, NATIONAL_ID, TYPE_NATIONAL_ID, STATUS, CREATION_USER, CREATION_DATE) VALUES (3, 'Luci', 'Crimes', 'qw85f7q9', 'PA', 1, 'ADMIN', CURRENT_TIMESTAMP);
INSERT INTO CREDITDB.CLIENT (ID_TARGET, FIRST_NAME, LAST_NAME, NATIONAL_ID, TYPE_NATIONAL_ID, STATUS, CREATION_USER, CREATION_DATE) VALUES (2, 'Emylee', 'Keppel', 'eq85b2j1', 'PA', 1, 'ADMIN', CURRENT_TIMESTAMP);
INSERT INTO CREDITDB.CLIENT (ID_TARGET, FIRST_NAME, LAST_NAME, NATIONAL_ID, TYPE_NATIONAL_ID, STATUS, CREATION_USER, CREATION_DATE) VALUES (1, 'Dorri', 'Rubi', 'du88c5w3', 'PA', 1, 'ADMIN', CURRENT_TIMESTAMP);
INSERT INTO CREDITDB.CLIENT (ID_TARGET, FIRST_NAME, LAST_NAME, NATIONAL_ID, TYPE_NATIONAL_ID, STATUS, CREATION_USER, CREATION_DATE) VALUES (2, 'Bathsheba', 'Tevlin', 'ou84y3n6', 'PA', 1, 'ADMIN', CURRENT_TIMESTAMP);
INSERT INTO CREDITDB.CLIENT (ID_TARGET, FIRST_NAME, LAST_NAME, NATIONAL_ID, TYPE_NATIONAL_ID, STATUS, CREATION_USER, CREATION_DATE) VALUES (2, 'Alyson', 'Di Biaggi', 'zc46w7o8', 'PA', 1, 'ADMIN', CURRENT_TIMESTAMP);
INSERT INTO CREDITDB.CLIENT (ID_TARGET, FIRST_NAME, LAST_NAME, NATIONAL_ID, TYPE_NATIONAL_ID, STATUS, CREATION_USER, CREATION_DATE) VALUES (2, 'Cyrille', 'Warmington', 'lj19o3c4', 'PA', 1, 'ADMIN', CURRENT_TIMESTAMP);
INSERT INTO CREDITDB.CLIENT (ID_TARGET, FIRST_NAME, LAST_NAME, NATIONAL_ID, TYPE_NATIONAL_ID, STATUS, CREATION_USER, CREATION_DATE) VALUES (2, 'Dorothea', 'Skough', 'cd38e7d1', 'PA', 1, 'ADMIN', CURRENT_TIMESTAMP);
INSERT INTO CREDITDB.CLIENT (ID_TARGET, FIRST_NAME, LAST_NAME, NATIONAL_ID, TYPE_NATIONAL_ID, STATUS, CREATION_USER, CREATION_DATE) VALUES (3, 'Alisun', 'MacCaffrey', 'hd22z3v3', 'PA', 1, 'ADMIN', CURRENT_TIMESTAMP);
INSERT INTO CREDITDB.CLIENT (ID_TARGET, FIRST_NAME, LAST_NAME, NATIONAL_ID, TYPE_NATIONAL_ID, STATUS, CREATION_USER, CREATION_DATE) VALUES (2, 'Harmony', 'McMeekan', 'wg78a7w4', 'PA', 1, 'ADMIN', CURRENT_TIMESTAMP);
INSERT INTO CREDITDB.CLIENT (ID_TARGET, FIRST_NAME, LAST_NAME, NATIONAL_ID, TYPE_NATIONAL_ID, STATUS, CREATION_USER, CREATION_DATE) VALUES (3, 'Frazer', 'Gallimore', 'jc84r9x4', 'PA', 1, 'ADMIN', CURRENT_TIMESTAMP);
INSERT INTO CREDITDB.CLIENT (ID_TARGET, FIRST_NAME, LAST_NAME, NATIONAL_ID, TYPE_NATIONAL_ID, STATUS, CREATION_USER, CREATION_DATE) VALUES (1, 'Didi', 'Robberts', 'px57v7w7', 'PA', 1, 'ADMIN', CURRENT_TIMESTAMP);
INSERT INTO CREDITDB.CLIENT (ID_TARGET, FIRST_NAME, LAST_NAME, NATIONAL_ID, TYPE_NATIONAL_ID, STATUS, CREATION_USER, CREATION_DATE) VALUES (2, 'Gale', 'Bridgeland', 'wj88f1q5', 'PA', 1, 'ADMIN', CURRENT_TIMESTAMP);
INSERT INTO CREDITDB.CLIENT (ID_TARGET, FIRST_NAME, LAST_NAME, NATIONAL_ID, TYPE_NATIONAL_ID, STATUS, CREATION_USER, CREATION_DATE) VALUES (1, 'Madelyn', 'Nabarro', 'wo55r2r8', 'PA', 1, 'ADMIN', CURRENT_TIMESTAMP);
INSERT INTO CREDITDB.CLIENT (ID_TARGET, FIRST_NAME, LAST_NAME, NATIONAL_ID, TYPE_NATIONAL_ID, STATUS, CREATION_USER, CREATION_DATE) VALUES (1, 'Dino', 'Shurville', 'sr71k6h3', 'PA', 1, 'ADMIN', CURRENT_TIMESTAMP);
INSERT INTO CREDITDB.CLIENT (ID_TARGET, FIRST_NAME, LAST_NAME, NATIONAL_ID, TYPE_NATIONAL_ID, STATUS, CREATION_USER, CREATION_DATE) VALUES (1, 'Adolf', 'Sewter', 'pm85l8r2', 'PA', 1, 'ADMIN', CURRENT_TIMESTAMP);
INSERT INTO CREDITDB.CLIENT (ID_TARGET, FIRST_NAME, LAST_NAME, NATIONAL_ID, TYPE_NATIONAL_ID, STATUS, CREATION_USER, CREATION_DATE) VALUES (2, 'Mara', 'Buncher', 'ae93n3y4', 'PA', 1, 'ADMIN', CURRENT_TIMESTAMP);
INSERT INTO CREDITDB.CLIENT (ID_TARGET, FIRST_NAME, LAST_NAME, NATIONAL_ID, TYPE_NATIONAL_ID, STATUS, CREATION_USER, CREATION_DATE) VALUES (2, 'Phip', 'House', 'sb60g3y0', 'PA', 1, 'ADMIN', CURRENT_TIMESTAMP);
INSERT INTO CREDITDB.CLIENT (ID_TARGET, FIRST_NAME, LAST_NAME, NATIONAL_ID, TYPE_NATIONAL_ID, STATUS, CREATION_USER, CREATION_DATE) VALUES (1, 'Gerrard', 'Langwade', 'cz89a6d2', 'PA', 1, 'ADMIN', CURRENT_TIMESTAMP);
INSERT INTO CREDITDB.CLIENT (ID_TARGET, FIRST_NAME, LAST_NAME, NATIONAL_ID, TYPE_NATIONAL_ID, STATUS, CREATION_USER, CREATION_DATE) VALUES (3, 'Kelley', 'Jack', 'es03a5q3', 'PA', 1, 'ADMIN', CURRENT_TIMESTAMP);
INSERT INTO CREDITDB.CLIENT (ID_TARGET, FIRST_NAME, LAST_NAME, NATIONAL_ID, TYPE_NATIONAL_ID, STATUS, CREATION_USER, CREATION_DATE) VALUES (2, 'Turner', 'Torrijos', 'nm44u5e7', 'PA', 1, 'ADMIN', CURRENT_TIMESTAMP);
INSERT INTO CREDITDB.CLIENT (ID_TARGET, FIRST_NAME, LAST_NAME, NATIONAL_ID, TYPE_NATIONAL_ID, STATUS, CREATION_USER, CREATION_DATE) VALUES (2, 'Kerk', 'Brusin', 'ik09f3h2', 'PA', 1, 'ADMIN', CURRENT_TIMESTAMP);
INSERT INTO CREDITDB.CLIENT (ID_TARGET, FIRST_NAME, LAST_NAME, NATIONAL_ID, TYPE_NATIONAL_ID, STATUS, CREATION_USER, CREATION_DATE) VALUES (3, 'Rodolphe', 'Lynagh', 'jb25o9i0', 'PA', 1, 'ADMIN', CURRENT_TIMESTAMP);
INSERT INTO CREDITDB.CLIENT (ID_TARGET, FIRST_NAME, LAST_NAME, NATIONAL_ID, TYPE_NATIONAL_ID, STATUS, CREATION_USER, CREATION_DATE) VALUES (2, 'Linette', 'Noden', 'zx78e2d1', 'PA', 1, 'ADMIN', CURRENT_TIMESTAMP);
INSERT INTO CREDITDB.CLIENT (ID_TARGET, FIRST_NAME, LAST_NAME, NATIONAL_ID, TYPE_NATIONAL_ID, STATUS, CREATION_USER, CREATION_DATE) VALUES (1, 'Sybille', 'Pietruschka', 'xo58y4b9', 'PA', 1, 'ADMIN', CURRENT_TIMESTAMP);
INSERT INTO CREDITDB.CLIENT (ID_TARGET, FIRST_NAME, LAST_NAME, NATIONAL_ID, TYPE_NATIONAL_ID, STATUS, CREATION_USER, CREATION_DATE) VALUES (1, 'Ashby', 'Saffe', 'sl63d4y9', 'PA', 1, 'ADMIN', CURRENT_TIMESTAMP);
INSERT INTO CREDITDB.CLIENT (ID_TARGET, FIRST_NAME, LAST_NAME, NATIONAL_ID, TYPE_NATIONAL_ID, STATUS, CREATION_USER, CREATION_DATE) VALUES (1, 'Fritz', 'Eland', 'za04v3u2', 'PA', 1, 'ADMIN', CURRENT_TIMESTAMP);
INSERT INTO CREDITDB.CLIENT (ID_TARGET, FIRST_NAME, LAST_NAME, NATIONAL_ID, TYPE_NATIONAL_ID, STATUS, CREATION_USER, CREATION_DATE) VALUES (3, 'Waneta', 'Leipnik', 'ya17d9v8', 'PA', 1, 'ADMIN', CURRENT_TIMESTAMP);
INSERT INTO CREDITDB.CLIENT (ID_TARGET, FIRST_NAME, LAST_NAME, NATIONAL_ID, TYPE_NATIONAL_ID, STATUS, CREATION_USER, CREATION_DATE) VALUES (2, 'Griffy', 'Halls', 'vr26p6v1', 'PA', 1, 'ADMIN', CURRENT_TIMESTAMP);
INSERT INTO CREDITDB.CLIENT (ID_TARGET, FIRST_NAME, LAST_NAME, NATIONAL_ID, TYPE_NATIONAL_ID, STATUS, CREATION_USER, CREATION_DATE) VALUES (1, 'Florencia', 'Abbey', 'wm92e3c8', 'PA', 1, 'ADMIN', CURRENT_TIMESTAMP);
INSERT INTO CREDITDB.CLIENT (ID_TARGET, FIRST_NAME, LAST_NAME, NATIONAL_ID, TYPE_NATIONAL_ID, STATUS, CREATION_USER, CREATION_DATE) VALUES (2, 'Elisabeth', 'Wyllie', 'ad68b1z9', 'PA', 1, 'ADMIN', CURRENT_TIMESTAMP);
INSERT INTO CREDITDB.CLIENT (ID_TARGET, FIRST_NAME, LAST_NAME, NATIONAL_ID, TYPE_NATIONAL_ID, STATUS, CREATION_USER, CREATION_DATE) VALUES (1, 'Hurleigh', 'Blamphin', 'pe34b3b9', 'PA', 1, 'ADMIN', CURRENT_TIMESTAMP);
INSERT INTO CREDITDB.CLIENT (ID_TARGET, FIRST_NAME, LAST_NAME, NATIONAL_ID, TYPE_NATIONAL_ID, STATUS, CREATION_USER, CREATION_DATE) VALUES (1, 'Eugine', 'Wildey', 'sy39l4t4', 'PA', 1, 'ADMIN', CURRENT_TIMESTAMP);
INSERT INTO CREDITDB.CLIENT (ID_TARGET, FIRST_NAME, LAST_NAME, NATIONAL_ID, TYPE_NATIONAL_ID, STATUS, CREATION_USER, CREATION_DATE) VALUES (3, 'Amble', 'Wharf', 'tx10w1r8', 'PA', 1, 'ADMIN', CURRENT_TIMESTAMP);
INSERT INTO CREDITDB.CLIENT (ID_TARGET, FIRST_NAME, LAST_NAME, NATIONAL_ID, TYPE_NATIONAL_ID, STATUS, CREATION_USER, CREATION_DATE) VALUES (3, 'Loren', 'Chinn', 'uk66j3d2', 'PA', 1, 'ADMIN', CURRENT_TIMESTAMP);
INSERT INTO CREDITDB.CLIENT (ID_TARGET, FIRST_NAME, LAST_NAME, NATIONAL_ID, TYPE_NATIONAL_ID, STATUS, CREATION_USER, CREATION_DATE) VALUES (3, 'Rip', 'Gaffer', 'iu90t0k1', 'PA', 1, 'ADMIN', CURRENT_TIMESTAMP);
INSERT INTO CREDITDB.CLIENT (ID_TARGET, FIRST_NAME, LAST_NAME, NATIONAL_ID, TYPE_NATIONAL_ID, STATUS, CREATION_USER, CREATION_DATE) VALUES (2, 'Jack', 'Portch', 'pz63v2t6', 'PA', 1, 'ADMIN', CURRENT_TIMESTAMP);
INSERT INTO CREDITDB.CLIENT (ID_TARGET, FIRST_NAME, LAST_NAME, NATIONAL_ID, TYPE_NATIONAL_ID, STATUS, CREATION_USER, CREATION_DATE) VALUES (3, 'Maura', 'Biles', 'jt45u2p3', 'PA', 1, 'ADMIN', CURRENT_TIMESTAMP);
INSERT INTO CREDITDB.CLIENT (ID_TARGET, FIRST_NAME, LAST_NAME, NATIONAL_ID, TYPE_NATIONAL_ID, STATUS, CREATION_USER, CREATION_DATE) VALUES (2, 'De witt', 'Cressar', 'zr16w0f5', 'PA', 1, 'ADMIN', CURRENT_TIMESTAMP);
INSERT INTO CREDITDB.CLIENT (ID_TARGET, FIRST_NAME, LAST_NAME, NATIONAL_ID, TYPE_NATIONAL_ID, STATUS, CREATION_USER, CREATION_DATE) VALUES (3, 'Godfrey', 'Heinzler', 'fo15d2i9', 'PA', 1, 'ADMIN', CURRENT_TIMESTAMP);
INSERT INTO CREDITDB.CLIENT (ID_TARGET, FIRST_NAME, LAST_NAME, NATIONAL_ID, TYPE_NATIONAL_ID, STATUS, CREATION_USER, CREATION_DATE) VALUES (2, 'Carlyn', 'Sherwell', 'zy75a8i8', 'PA', 1, 'ADMIN', CURRENT_TIMESTAMP);
INSERT INTO CREDITDB.CLIENT (ID_TARGET, FIRST_NAME, LAST_NAME, NATIONAL_ID, TYPE_NATIONAL_ID, STATUS, CREATION_USER, CREATION_DATE) VALUES (3, 'Lindsay', 'Meighan', 'ei74u4a0', 'PA', 1, 'ADMIN', CURRENT_TIMESTAMP);
INSERT INTO CREDITDB.CLIENT (ID_TARGET, FIRST_NAME, LAST_NAME, NATIONAL_ID, TYPE_NATIONAL_ID, STATUS, CREATION_USER, CREATION_DATE) VALUES (2, 'Hannis', 'Paxeford', 'eh48j7f4', 'PA', 1, 'ADMIN', CURRENT_TIMESTAMP);
INSERT INTO CREDITDB.CLIENT (ID_TARGET, FIRST_NAME, LAST_NAME, NATIONAL_ID, TYPE_NATIONAL_ID, STATUS, CREATION_USER, CREATION_DATE) VALUES (3, 'Batsheva', 'Conechie', 'dz22g0g0', 'PA', 1, 'ADMIN', CURRENT_TIMESTAMP);
INSERT INTO CREDITDB.CLIENT (ID_TARGET, FIRST_NAME, LAST_NAME, NATIONAL_ID, TYPE_NATIONAL_ID, STATUS, CREATION_USER, CREATION_DATE) VALUES (2, 'Jessie', 'Keetch', 'ib13u3u5', 'PA', 1, 'ADMIN', CURRENT_TIMESTAMP);
INSERT INTO CREDITDB.CLIENT (ID_TARGET, FIRST_NAME, LAST_NAME, NATIONAL_ID, TYPE_NATIONAL_ID, STATUS, CREATION_USER, CREATION_DATE) VALUES (2, 'Verene', 'Barnaby', 'zn80z1e1', 'PA', 1, 'ADMIN', CURRENT_TIMESTAMP);
INSERT INTO CREDITDB.CLIENT (ID_TARGET, FIRST_NAME, LAST_NAME, NATIONAL_ID, TYPE_NATIONAL_ID, STATUS, CREATION_USER, CREATION_DATE) VALUES (3, 'Davide', 'Toppas', 'hp20w1q4', 'PA', 1, 'ADMIN', CURRENT_TIMESTAMP);
INSERT INTO CREDITDB.CLIENT (ID_TARGET, FIRST_NAME, LAST_NAME, NATIONAL_ID, TYPE_NATIONAL_ID, STATUS, CREATION_USER, CREATION_DATE) VALUES (1, 'Alfy', 'Nyssens', 'cf66l1z0', 'PA', 1, 'ADMIN', CURRENT_TIMESTAMP);
INSERT INTO CREDITDB.CLIENT (ID_TARGET, FIRST_NAME, LAST_NAME, NATIONAL_ID, TYPE_NATIONAL_ID, STATUS, CREATION_USER, CREATION_DATE) VALUES (3, 'Gustavus', 'Pitsall', 'kr62s2z3', 'PA', 1, 'ADMIN', CURRENT_TIMESTAMP);
INSERT INTO CREDITDB.CLIENT (ID_TARGET, FIRST_NAME, LAST_NAME, NATIONAL_ID, TYPE_NATIONAL_ID, STATUS, CREATION_USER, CREATION_DATE) VALUES (3, 'Jud', 'Chatainier', 'lk60m5s2', 'PA', 1, 'ADMIN', CURRENT_TIMESTAMP);
INSERT INTO CREDITDB.CLIENT (ID_TARGET, FIRST_NAME, LAST_NAME, NATIONAL_ID, TYPE_NATIONAL_ID, STATUS, CREATION_USER, CREATION_DATE) VALUES (2, 'Andree', 'Grindrod', 'qm29e9s2', 'PA', 1, 'ADMIN', CURRENT_TIMESTAMP);
INSERT INTO CREDITDB.CLIENT (ID_TARGET, FIRST_NAME, LAST_NAME, NATIONAL_ID, TYPE_NATIONAL_ID, STATUS, CREATION_USER, CREATION_DATE) VALUES (2, 'Britteny', 'Plevin', 'bu97j3l6', 'PA', 1, 'ADMIN', CURRENT_TIMESTAMP);
INSERT INTO CREDITDB.CLIENT (ID_TARGET, FIRST_NAME, LAST_NAME, NATIONAL_ID, TYPE_NATIONAL_ID, STATUS, CREATION_USER, CREATION_DATE) VALUES (3, 'Kerk', 'Dreghorn', 'xy73i3x4', 'PA', 1, 'ADMIN', CURRENT_TIMESTAMP);
INSERT INTO CREDITDB.CLIENT (ID_TARGET, FIRST_NAME, LAST_NAME, NATIONAL_ID, TYPE_NATIONAL_ID, STATUS, CREATION_USER, CREATION_DATE) VALUES (1, 'Margo', 'Attle', 'mb94h3h8', 'PA', 1, 'ADMIN', CURRENT_TIMESTAMP);
INSERT INTO CREDITDB.CLIENT (ID_TARGET, FIRST_NAME, LAST_NAME, NATIONAL_ID, TYPE_NATIONAL_ID, STATUS, CREATION_USER, CREATION_DATE) VALUES (3, 'Egor', 'Rossiter', 'xj56w3i9', 'PA', 1, 'ADMIN', CURRENT_TIMESTAMP);
INSERT INTO CREDITDB.CLIENT (ID_TARGET, FIRST_NAME, LAST_NAME, NATIONAL_ID, TYPE_NATIONAL_ID, STATUS, CREATION_USER, CREATION_DATE) VALUES (2, 'Sigrid', 'Moodey', 'yr87q3q3', 'PA', 1, 'ADMIN', CURRENT_TIMESTAMP);
INSERT INTO CREDITDB.CLIENT (ID_TARGET, FIRST_NAME, LAST_NAME, NATIONAL_ID, TYPE_NATIONAL_ID, STATUS, CREATION_USER, CREATION_DATE) VALUES (2, 'Hallie', 'Wallbanks', 'vh92k2z7', 'PA', 1, 'ADMIN', CURRENT_TIMESTAMP);
INSERT INTO CREDITDB.CLIENT (ID_TARGET, FIRST_NAME, LAST_NAME, NATIONAL_ID, TYPE_NATIONAL_ID, STATUS, CREATION_USER, CREATION_DATE) VALUES (1, 'La verne', 'Crammy', 'or81x1h7', 'PA', 1, 'ADMIN', CURRENT_TIMESTAMP);
INSERT INTO CREDITDB.CLIENT (ID_TARGET, FIRST_NAME, LAST_NAME, NATIONAL_ID, TYPE_NATIONAL_ID, STATUS, CREATION_USER, CREATION_DATE) VALUES (3, 'Licha', 'Feirn', 'di12a6d5', 'PA', 1, 'ADMIN', CURRENT_TIMESTAMP);
INSERT INTO CREDITDB.CLIENT (ID_TARGET, FIRST_NAME, LAST_NAME, NATIONAL_ID, TYPE_NATIONAL_ID, STATUS, CREATION_USER, CREATION_DATE) VALUES (3, 'Hershel', 'Ivanikov', 'vg11s3q2', 'PA', 1, 'ADMIN', CURRENT_TIMESTAMP);
INSERT INTO CREDITDB.CLIENT (ID_TARGET, FIRST_NAME, LAST_NAME, NATIONAL_ID, TYPE_NATIONAL_ID, STATUS, CREATION_USER, CREATION_DATE) VALUES (1, 'Gael', 'McGiveen', 'xb76b1v2', 'PA', 1, 'ADMIN', CURRENT_TIMESTAMP);
INSERT INTO CREDITDB.CLIENT (ID_TARGET, FIRST_NAME, LAST_NAME, NATIONAL_ID, TYPE_NATIONAL_ID, STATUS, CREATION_USER, CREATION_DATE) VALUES (1, 'Caesar', 'Shoebottom', 'kf95w8e5', 'PA', 1, 'ADMIN', CURRENT_TIMESTAMP);
INSERT INTO CREDITDB.CLIENT (ID_TARGET, FIRST_NAME, LAST_NAME, NATIONAL_ID, TYPE_NATIONAL_ID, STATUS, CREATION_USER, CREATION_DATE) VALUES (2, 'Pier', 'Rosenkranc', 'ah97w3l6', 'PA', 1, 'ADMIN', CURRENT_TIMESTAMP);
INSERT INTO CREDITDB.CLIENT (ID_TARGET, FIRST_NAME, LAST_NAME, NATIONAL_ID, TYPE_NATIONAL_ID, STATUS, CREATION_USER, CREATION_DATE) VALUES (3, 'Harry', 'Gudgion', 'uw70w8w5', 'PA', 1, 'ADMIN', CURRENT_TIMESTAMP);
INSERT INTO CREDITDB.CLIENT (ID_TARGET, FIRST_NAME, LAST_NAME, NATIONAL_ID, TYPE_NATIONAL_ID, STATUS, CREATION_USER, CREATION_DATE) VALUES (2, 'Hillary', 'Chessill', 'pr65w9p5', 'PA', 1, 'ADMIN', CURRENT_TIMESTAMP);
INSERT INTO CREDITDB.CLIENT (ID_TARGET, FIRST_NAME, LAST_NAME, NATIONAL_ID, TYPE_NATIONAL_ID, STATUS, CREATION_USER, CREATION_DATE) VALUES (3, 'Rodrigo', 'Collisson', 'qc03f3x4', 'PA', 1, 'ADMIN', CURRENT_TIMESTAMP);
INSERT INTO CREDITDB.CLIENT (ID_TARGET, FIRST_NAME, LAST_NAME, NATIONAL_ID, TYPE_NATIONAL_ID, STATUS, CREATION_USER, CREATION_DATE) VALUES (3, 'Lamont', 'Roach', 'jk94x7d4', 'PA', 1, 'ADMIN', CURRENT_TIMESTAMP);
INSERT INTO CREDITDB.CLIENT (ID_TARGET, FIRST_NAME, LAST_NAME, NATIONAL_ID, TYPE_NATIONAL_ID, STATUS, CREATION_USER, CREATION_DATE) VALUES (1, 'Brietta', 'Cheng', 'id09t8r7', 'PA', 1, 'ADMIN', CURRENT_TIMESTAMP);
INSERT INTO CREDITDB.CLIENT (ID_TARGET, FIRST_NAME, LAST_NAME, NATIONAL_ID, TYPE_NATIONAL_ID, STATUS, CREATION_USER, CREATION_DATE) VALUES (3, 'Randy', 'Frary', 'bv52l7f4', 'PA', 1, 'ADMIN', CURRENT_TIMESTAMP);
INSERT INTO CREDITDB.CLIENT (ID_TARGET, FIRST_NAME, LAST_NAME, NATIONAL_ID, TYPE_NATIONAL_ID, STATUS, CREATION_USER, CREATION_DATE) VALUES (3, 'Othello', 'Mulvihill', 'jx84s1v2', 'PA', 1, 'ADMIN', CURRENT_TIMESTAMP);
INSERT INTO CREDITDB.CLIENT (ID_TARGET, FIRST_NAME, LAST_NAME, NATIONAL_ID, TYPE_NATIONAL_ID, STATUS, CREATION_USER, CREATION_DATE) VALUES (1, 'Tabitha', 'Tulley', 'gr65w3k2', 'PA', 1, 'ADMIN', CURRENT_TIMESTAMP);
INSERT INTO CREDITDB.CLIENT (ID_TARGET, FIRST_NAME, LAST_NAME, NATIONAL_ID, TYPE_NATIONAL_ID, STATUS, CREATION_USER, CREATION_DATE) VALUES (2, 'Wiley', 'Fennessy', 'uh73e8s7', 'PA', 1, 'ADMIN', CURRENT_TIMESTAMP);
INSERT INTO CREDITDB.CLIENT (ID_TARGET, FIRST_NAME, LAST_NAME, NATIONAL_ID, TYPE_NATIONAL_ID, STATUS, CREATION_USER, CREATION_DATE) VALUES (1, 'Kippie', 'Gingell', 'ss46o8y3', 'PA', 1, 'ADMIN', CURRENT_TIMESTAMP);
INSERT INTO CREDITDB.CLIENT (ID_TARGET, FIRST_NAME, LAST_NAME, NATIONAL_ID, TYPE_NATIONAL_ID, STATUS, CREATION_USER, CREATION_DATE) VALUES (1, 'North', 'Goodchild', 'fv32u4p0', 'PA', 1, 'ADMIN', CURRENT_TIMESTAMP);
INSERT INTO CREDITDB.CLIENT (ID_TARGET, FIRST_NAME, LAST_NAME, NATIONAL_ID, TYPE_NATIONAL_ID, STATUS, CREATION_USER, CREATION_DATE) VALUES (3, 'Eleanora', 'Spileman', 'ld23b6g3', 'PA', 1, 'ADMIN', CURRENT_TIMESTAMP);
INSERT INTO CREDITDB.CLIENT (ID_TARGET, FIRST_NAME, LAST_NAME, NATIONAL_ID, TYPE_NATIONAL_ID, STATUS, CREATION_USER, CREATION_DATE) VALUES (3, 'Rollie', 'Benesevich', 'ng08q3a3', 'PA', 1, 'ADMIN', CURRENT_TIMESTAMP);
INSERT INTO CREDITDB.CLIENT (ID_TARGET, FIRST_NAME, LAST_NAME, NATIONAL_ID, TYPE_NATIONAL_ID, STATUS, CREATION_USER, CREATION_DATE) VALUES (3, 'Mack', 'Faussett', 'kr59w1a2', 'PA', 1, 'ADMIN', CURRENT_TIMESTAMP);
INSERT INTO CREDITDB.CLIENT (ID_TARGET, FIRST_NAME, LAST_NAME, NATIONAL_ID, TYPE_NATIONAL_ID, STATUS, CREATION_USER, CREATION_DATE) VALUES (2, 'Andy', 'Elsop', 'hj33s8r7', 'PA', 1, 'ADMIN', CURRENT_TIMESTAMP);
INSERT INTO CREDITDB.CLIENT (ID_TARGET, FIRST_NAME, LAST_NAME, NATIONAL_ID, TYPE_NATIONAL_ID, STATUS, CREATION_USER, CREATION_DATE) VALUES (3, 'Jerrold', 'Speechley', 'ov36u1c7', 'PA', 1, 'ADMIN', CURRENT_TIMESTAMP);
INSERT INTO CREDITDB.CLIENT (ID_TARGET, FIRST_NAME, LAST_NAME, NATIONAL_ID, TYPE_NATIONAL_ID, STATUS, CREATION_USER, CREATION_DATE) VALUES (1, 'Carey', 'Reddle', 'zt81p2t5', 'PA', 1, 'ADMIN', CURRENT_TIMESTAMP);
INSERT INTO CREDITDB.CLIENT (ID_TARGET, FIRST_NAME, LAST_NAME, NATIONAL_ID, TYPE_NATIONAL_ID, STATUS, CREATION_USER, CREATION_DATE) VALUES (1, 'Iain', 'Northwood', 'pd22g5h0', 'PA', 1, 'ADMIN', CURRENT_TIMESTAMP);
INSERT INTO CREDITDB.CLIENT (ID_TARGET, FIRST_NAME, LAST_NAME, NATIONAL_ID, TYPE_NATIONAL_ID, STATUS, CREATION_USER, CREATION_DATE) VALUES (3, 'Jordan', 'Baudou', 'nm04w9u8', 'PA', 1, 'ADMIN', CURRENT_TIMESTAMP);
INSERT INTO CREDITDB.CLIENT (ID_TARGET, FIRST_NAME, LAST_NAME, NATIONAL_ID, TYPE_NATIONAL_ID, STATUS, CREATION_USER, CREATION_DATE) VALUES (3, 'Nedi', 'Bontein', 'hc07y6v2', 'PA', 1, 'ADMIN', CURRENT_TIMESTAMP);
INSERT INTO CREDITDB.CLIENT (ID_TARGET, FIRST_NAME, LAST_NAME, NATIONAL_ID, TYPE_NATIONAL_ID, STATUS, CREATION_USER, CREATION_DATE) VALUES (1, 'Alfred', 'Yarnold', 'yw97m0p9', 'PA', 1, 'ADMIN', CURRENT_TIMESTAMP);
INSERT INTO CREDITDB.CLIENT (ID_TARGET, FIRST_NAME, LAST_NAME, NATIONAL_ID, TYPE_NATIONAL_ID, STATUS, CREATION_USER, CREATION_DATE) VALUES (1, 'Dieter', 'Gresly', 'wa23d7p7', 'PA', 1, 'ADMIN', CURRENT_TIMESTAMP);
INSERT INTO CREDITDB.CLIENT (ID_TARGET, FIRST_NAME, LAST_NAME, NATIONAL_ID, TYPE_NATIONAL_ID, STATUS, CREATION_USER, CREATION_DATE) VALUES (3, 'Coop', 'Cartmel', 'lp87s4y8', 'PA', 1, 'ADMIN', CURRENT_TIMESTAMP);
INSERT INTO CREDITDB.CLIENT (ID_TARGET, FIRST_NAME, LAST_NAME, NATIONAL_ID, TYPE_NATIONAL_ID, STATUS, CREATION_USER, CREATION_DATE) VALUES (3, 'Joby', 'Tregunnah', 'nc14m4y4', 'PA', 1, 'ADMIN', CURRENT_TIMESTAMP);
INSERT INTO CREDITDB.CLIENT (ID_TARGET, FIRST_NAME, LAST_NAME, NATIONAL_ID, TYPE_NATIONAL_ID, STATUS, CREATION_USER, CREATION_DATE) VALUES (1, 'Masha', 'Bette', 'yq47j7x6', 'PA', 1, 'ADMIN', CURRENT_TIMESTAMP);
INSERT INTO CREDITDB.CLIENT (ID_TARGET, FIRST_NAME, LAST_NAME, NATIONAL_ID, TYPE_NATIONAL_ID, STATUS, CREATION_USER, CREATION_DATE) VALUES (1, 'Heywood', 'Birth', 'ev15v0z5', 'PA', 1, 'ADMIN', CURRENT_TIMESTAMP);
INSERT INTO CREDITDB.CLIENT (ID_TARGET, FIRST_NAME, LAST_NAME, NATIONAL_ID, TYPE_NATIONAL_ID, STATUS, CREATION_USER, CREATION_DATE) VALUES (3, 'Clifford', 'Haxby', 'vn21b5m0', 'PA', 1, 'ADMIN', CURRENT_TIMESTAMP);
INSERT INTO CREDITDB.CLIENT (ID_TARGET, FIRST_NAME, LAST_NAME, NATIONAL_ID, TYPE_NATIONAL_ID, STATUS, CREATION_USER, CREATION_DATE) VALUES (3, 'Bernita', 'Firk', 'sl05t7r4', 'PA', 1, 'ADMIN', CURRENT_TIMESTAMP);
INSERT INTO CREDITDB.CLIENT (ID_TARGET, FIRST_NAME, LAST_NAME, NATIONAL_ID, TYPE_NATIONAL_ID, STATUS, CREATION_USER, CREATION_DATE) VALUES (3, 'Rosana', 'Trase', 'kk66w2r3', 'PA', 1, 'ADMIN', CURRENT_TIMESTAMP);
INSERT INTO CREDITDB.CLIENT (ID_TARGET, FIRST_NAME, LAST_NAME, NATIONAL_ID, TYPE_NATIONAL_ID, STATUS, CREATION_USER, CREATION_DATE) VALUES (2, 'Natty', 'Yurov', 'hq43u8l4', 'PA', 1, 'ADMIN', CURRENT_TIMESTAMP);
INSERT INTO CREDITDB.CLIENT (ID_TARGET, FIRST_NAME, LAST_NAME, NATIONAL_ID, TYPE_NATIONAL_ID, STATUS, CREATION_USER, CREATION_DATE) VALUES (1, 'Nadeen', 'Brough', 'yh18s9j8', 'PA', 1, 'ADMIN', CURRENT_TIMESTAMP);
INSERT INTO CREDITDB.CLIENT (ID_TARGET, FIRST_NAME, LAST_NAME, NATIONAL_ID, TYPE_NATIONAL_ID, STATUS, CREATION_USER, CREATION_DATE) VALUES (2, 'Davon', 'Cowley', 'wc53o1a9', 'PA', 1, 'ADMIN', CURRENT_TIMESTAMP);
INSERT INTO CREDITDB.CLIENT (ID_TARGET, FIRST_NAME, LAST_NAME, NATIONAL_ID, TYPE_NATIONAL_ID, STATUS, CREATION_USER, CREATION_DATE) VALUES (3, 'Anthiathia', 'Edwinson', 'oa35d1i7', 'PA', 1, 'ADMIN', CURRENT_TIMESTAMP);
INSERT INTO CREDITDB.CLIENT (ID_TARGET, FIRST_NAME, LAST_NAME, NATIONAL_ID, TYPE_NATIONAL_ID, STATUS, CREATION_USER, CREATION_DATE) VALUES (2, 'Monika', 'Raulin', 'wi31s2x1', 'PA', 1, 'ADMIN', CURRENT_TIMESTAMP);
INSERT INTO CREDITDB.CLIENT (ID_TARGET, FIRST_NAME, LAST_NAME, NATIONAL_ID, TYPE_NATIONAL_ID, STATUS, CREATION_USER, CREATION_DATE) VALUES (1, 'Ozzie', 'Jann', 'rf76i8z9', 'PA', 1, 'ADMIN', CURRENT_TIMESTAMP);
INSERT INTO CREDITDB.CLIENT (ID_TARGET, FIRST_NAME, LAST_NAME, NATIONAL_ID, TYPE_NATIONAL_ID, STATUS, CREATION_USER, CREATION_DATE) VALUES (2, 'Chick', 'Sedgefield', 'ql96q5n1', 'PA', 1, 'ADMIN', CURRENT_TIMESTAMP);
INSERT INTO CREDITDB.CLIENT (ID_TARGET, FIRST_NAME, LAST_NAME, NATIONAL_ID, TYPE_NATIONAL_ID, STATUS, CREATION_USER, CREATION_DATE) VALUES (1, 'Hatti', 'Siemantel', 'pr26r4k5', 'PA', 1, 'ADMIN', CURRENT_TIMESTAMP);
INSERT INTO CREDITDB.CLIENT (ID_TARGET, FIRST_NAME, LAST_NAME, NATIONAL_ID, TYPE_NATIONAL_ID, STATUS, CREATION_USER, CREATION_DATE) VALUES (1, 'Arlene', 'Fahey', 'nc89r9f0', 'PA', 1, 'ADMIN', CURRENT_TIMESTAMP);
INSERT INTO CREDITDB.CLIENT (ID_TARGET, FIRST_NAME, LAST_NAME, NATIONAL_ID, TYPE_NATIONAL_ID, STATUS, CREATION_USER, CREATION_DATE) VALUES (3, 'Paulo', 'Tyght', 'kr69t4a8', 'PA', 1, 'ADMIN', CURRENT_TIMESTAMP);
INSERT INTO CREDITDB.CLIENT (ID_TARGET, FIRST_NAME, LAST_NAME, NATIONAL_ID, TYPE_NATIONAL_ID, STATUS, CREATION_USER, CREATION_DATE) VALUES (2, 'Ingelbert', 'Tuckey', 'cd90p1q6', 'PA', 1, 'ADMIN', CURRENT_TIMESTAMP);
INSERT INTO CREDITDB.CLIENT (ID_TARGET, FIRST_NAME, LAST_NAME, NATIONAL_ID, TYPE_NATIONAL_ID, STATUS, CREATION_USER, CREATION_DATE) VALUES (3, 'Clem', 'Hawton', 'oi58e2f3', 'PA', 1, 'ADMIN', CURRENT_TIMESTAMP);
INSERT INTO CREDITDB.CLIENT (ID_TARGET, FIRST_NAME, LAST_NAME, NATIONAL_ID, TYPE_NATIONAL_ID, STATUS, CREATION_USER, CREATION_DATE) VALUES (2, 'Monti', 'Rosenbloom', 'gz02o0g7', 'PA', 1, 'ADMIN', CURRENT_TIMESTAMP);
INSERT INTO CREDITDB.CLIENT (ID_TARGET, FIRST_NAME, LAST_NAME, NATIONAL_ID, TYPE_NATIONAL_ID, STATUS, CREATION_USER, CREATION_DATE) VALUES (1, 'Kirsten', 'Purkiss', 'qe33s1l0', 'PA', 1, 'ADMIN', CURRENT_TIMESTAMP);
INSERT INTO CREDITDB.CLIENT (ID_TARGET, FIRST_NAME, LAST_NAME, NATIONAL_ID, TYPE_NATIONAL_ID, STATUS, CREATION_USER, CREATION_DATE) VALUES (2, 'Leonid', 'McAreavey', 'on86j9v8', 'PA', 1, 'ADMIN', CURRENT_TIMESTAMP);
INSERT INTO CREDITDB.CLIENT (ID_TARGET, FIRST_NAME, LAST_NAME, NATIONAL_ID, TYPE_NATIONAL_ID, STATUS, CREATION_USER, CREATION_DATE) VALUES (3, 'Aurie', 'Beattie', 'oh77m6y1', 'PA', 1, 'ADMIN', CURRENT_TIMESTAMP);
INSERT INTO CREDITDB.CLIENT (ID_TARGET, FIRST_NAME, LAST_NAME, NATIONAL_ID, TYPE_NATIONAL_ID, STATUS, CREATION_USER, CREATION_DATE) VALUES (3, 'Silva', 'Hawkyens', 'sr53j6p9', 'PA', 1, 'ADMIN', CURRENT_TIMESTAMP);
INSERT INTO CREDITDB.CLIENT (ID_TARGET, FIRST_NAME, LAST_NAME, NATIONAL_ID, TYPE_NATIONAL_ID, STATUS, CREATION_USER, CREATION_DATE) VALUES (1, 'Teador', 'Darthe', 'cj51u2x3', 'PA', 1, 'ADMIN', CURRENT_TIMESTAMP);
INSERT INTO CREDITDB.CLIENT (ID_TARGET, FIRST_NAME, LAST_NAME, NATIONAL_ID, TYPE_NATIONAL_ID, STATUS, CREATION_USER, CREATION_DATE) VALUES (2, 'Almeta', 'Bevington', 'gg79c0k7', 'PA', 1, 'ADMIN', CURRENT_TIMESTAMP);
INSERT INTO CREDITDB.CLIENT (ID_TARGET, FIRST_NAME, LAST_NAME, NATIONAL_ID, TYPE_NATIONAL_ID, STATUS, CREATION_USER, CREATION_DATE) VALUES (1, 'Eddy', 'Iddons', 'ef01o9z1', 'PA', 1, 'ADMIN', CURRENT_TIMESTAMP);
INSERT INTO CREDITDB.CLIENT (ID_TARGET, FIRST_NAME, LAST_NAME, NATIONAL_ID, TYPE_NATIONAL_ID, STATUS, CREATION_USER, CREATION_DATE) VALUES (2, 'Davita', 'Hallt', 'ul15r1l3', 'PA', 1, 'ADMIN', CURRENT_TIMESTAMP);
INSERT INTO CREDITDB.CLIENT (ID_TARGET, FIRST_NAME, LAST_NAME, NATIONAL_ID, TYPE_NATIONAL_ID, STATUS, CREATION_USER, CREATION_DATE) VALUES (2, 'Kalie', 'Dredge', 'wh27a4d2', 'PA', 1, 'ADMIN', CURRENT_TIMESTAMP);
INSERT INTO CREDITDB.CLIENT (ID_TARGET, FIRST_NAME, LAST_NAME, NATIONAL_ID, TYPE_NATIONAL_ID, STATUS, CREATION_USER, CREATION_DATE) VALUES (3, 'Reese', 'Sangster', 'qu63w0b0', 'PA', 1, 'ADMIN', CURRENT_TIMESTAMP);
INSERT INTO CREDITDB.CLIENT (ID_TARGET, FIRST_NAME, LAST_NAME, NATIONAL_ID, TYPE_NATIONAL_ID, STATUS, CREATION_USER, CREATION_DATE) VALUES (1, 'Odille', 'Culbard', 'gt29f5n3', 'PA', 1, 'ADMIN', CURRENT_TIMESTAMP);
INSERT INTO CREDITDB.CLIENT (ID_TARGET, FIRST_NAME, LAST_NAME, NATIONAL_ID, TYPE_NATIONAL_ID, STATUS, CREATION_USER, CREATION_DATE) VALUES (2, 'Salvidor', 'Lombard', 'ti05z4x1', 'PA', 1, 'ADMIN', CURRENT_TIMESTAMP);
INSERT INTO CREDITDB.CLIENT (ID_TARGET, FIRST_NAME, LAST_NAME, NATIONAL_ID, TYPE_NATIONAL_ID, STATUS, CREATION_USER, CREATION_DATE) VALUES (3, 'Michal', 'Cardis', 'wh60x6d7', 'PA', 1, 'ADMIN', CURRENT_TIMESTAMP);
INSERT INTO CREDITDB.CLIENT (ID_TARGET, FIRST_NAME, LAST_NAME, NATIONAL_ID, TYPE_NATIONAL_ID, STATUS, CREATION_USER, CREATION_DATE) VALUES (1, 'Garwin', 'Tregent', 'ft64z2h4', 'PA', 1, 'ADMIN', CURRENT_TIMESTAMP);
INSERT INTO CREDITDB.CLIENT (ID_TARGET, FIRST_NAME, LAST_NAME, NATIONAL_ID, TYPE_NATIONAL_ID, STATUS, CREATION_USER, CREATION_DATE) VALUES (3, 'Ira', 'Twells', 'kx42t2s0', 'PA', 1, 'ADMIN', CURRENT_TIMESTAMP);
INSERT INTO CREDITDB.CLIENT (ID_TARGET, FIRST_NAME, LAST_NAME, NATIONAL_ID, TYPE_NATIONAL_ID, STATUS, CREATION_USER, CREATION_DATE) VALUES (3, 'Granthem', 'Duckers', 'kw85o1d2', 'PA', 1, 'ADMIN', CURRENT_TIMESTAMP);
INSERT INTO CREDITDB.CLIENT (ID_TARGET, FIRST_NAME, LAST_NAME, NATIONAL_ID, TYPE_NATIONAL_ID, STATUS, CREATION_USER, CREATION_DATE) VALUES (2, 'Reeba', 'Amesbury', 'xm17x2n7', 'PA', 1, 'ADMIN', CURRENT_TIMESTAMP);
INSERT INTO CREDITDB.CLIENT (ID_TARGET, FIRST_NAME, LAST_NAME, NATIONAL_ID, TYPE_NATIONAL_ID, STATUS, CREATION_USER, CREATION_DATE) VALUES (3, 'Lurlene', 'Fudge', 'ru83g2n2', 'PA', 1, 'ADMIN', CURRENT_TIMESTAMP);
INSERT INTO CREDITDB.CLIENT (ID_TARGET, FIRST_NAME, LAST_NAME, NATIONAL_ID, TYPE_NATIONAL_ID, STATUS, CREATION_USER, CREATION_DATE) VALUES (3, 'Arel', 'Sturte', 'zb01x9j0', 'PA', 1, 'ADMIN', CURRENT_TIMESTAMP);
INSERT INTO CREDITDB.CLIENT (ID_TARGET, FIRST_NAME, LAST_NAME, NATIONAL_ID, TYPE_NATIONAL_ID, STATUS, CREATION_USER, CREATION_DATE) VALUES (3, 'Minda', 'Atger', 'vh81w4v7', 'PA', 1, 'ADMIN', CURRENT_TIMESTAMP);
INSERT INTO CREDITDB.CLIENT (ID_TARGET, FIRST_NAME, LAST_NAME, NATIONAL_ID, TYPE_NATIONAL_ID, STATUS, CREATION_USER, CREATION_DATE) VALUES (2, 'Britte', 'Daish', 'os02d9h9', 'PA', 1, 'ADMIN', CURRENT_TIMESTAMP);
INSERT INTO CREDITDB.CLIENT (ID_TARGET, FIRST_NAME, LAST_NAME, NATIONAL_ID, TYPE_NATIONAL_ID, STATUS, CREATION_USER, CREATION_DATE) VALUES (2, 'Drucie', 'Vellender', 'vp14y4u9', 'PA', 1, 'ADMIN', CURRENT_TIMESTAMP);
INSERT INTO CREDITDB.CLIENT (ID_TARGET, FIRST_NAME, LAST_NAME, NATIONAL_ID, TYPE_NATIONAL_ID, STATUS, CREATION_USER, CREATION_DATE) VALUES (1, 'Noell', 'Crown', 'qn21v5o0', 'PA', 1, 'ADMIN', CURRENT_TIMESTAMP);
INSERT INTO CREDITDB.CLIENT (ID_TARGET, FIRST_NAME, LAST_NAME, NATIONAL_ID, TYPE_NATIONAL_ID, STATUS, CREATION_USER, CREATION_DATE) VALUES (3, 'Maridel', 'Willerson', 'lu55j8u7', 'PA', 1, 'ADMIN', CURRENT_TIMESTAMP);
INSERT INTO CREDITDB.CLIENT (ID_TARGET, FIRST_NAME, LAST_NAME, NATIONAL_ID, TYPE_NATIONAL_ID, STATUS, CREATION_USER, CREATION_DATE) VALUES (2, 'Robinett', 'Drummond', 'nk78f3j0', 'PA', 1, 'ADMIN', CURRENT_TIMESTAMP);
INSERT INTO CREDITDB.CLIENT (ID_TARGET, FIRST_NAME, LAST_NAME, NATIONAL_ID, TYPE_NATIONAL_ID, STATUS, CREATION_USER, CREATION_DATE) VALUES (2, 'Toby', 'Danforth', 'zn95l5x1', 'PA', 1, 'ADMIN', CURRENT_TIMESTAMP);
INSERT INTO CREDITDB.CLIENT (ID_TARGET, FIRST_NAME, LAST_NAME, NATIONAL_ID, TYPE_NATIONAL_ID, STATUS, CREATION_USER, CREATION_DATE) VALUES (1, 'Malina', 'Millgate', 'lq20f1c6', 'PA', 1, 'ADMIN', CURRENT_TIMESTAMP);
INSERT INTO CREDITDB.CLIENT (ID_TARGET, FIRST_NAME, LAST_NAME, NATIONAL_ID, TYPE_NATIONAL_ID, STATUS, CREATION_USER, CREATION_DATE) VALUES (1, 'Fianna', 'Roadnight', 'in75j0c8', 'PA', 1, 'ADMIN', CURRENT_TIMESTAMP);
INSERT INTO CREDITDB.CLIENT (ID_TARGET, FIRST_NAME, LAST_NAME, NATIONAL_ID, TYPE_NATIONAL_ID, STATUS, CREATION_USER, CREATION_DATE) VALUES (1, 'Yehudit', 'Archley', 'wl52c8l8', 'PA', 1, 'ADMIN', CURRENT_TIMESTAMP);
INSERT INTO CREDITDB.CLIENT (ID_TARGET, FIRST_NAME, LAST_NAME, NATIONAL_ID, TYPE_NATIONAL_ID, STATUS, CREATION_USER, CREATION_DATE) VALUES (2, 'Aryn', 'Bert', 'ne53f2i1', 'PA', 1, 'ADMIN', CURRENT_TIMESTAMP);
INSERT INTO CREDITDB.CLIENT (ID_TARGET, FIRST_NAME, LAST_NAME, NATIONAL_ID, TYPE_NATIONAL_ID, STATUS, CREATION_USER, CREATION_DATE) VALUES (3, 'Dehlia', 'Oddy', 'rs36v7w7', 'PA', 1, 'ADMIN', CURRENT_TIMESTAMP);
INSERT INTO CREDITDB.CLIENT (ID_TARGET, FIRST_NAME, LAST_NAME, NATIONAL_ID, TYPE_NATIONAL_ID, STATUS, CREATION_USER, CREATION_DATE) VALUES (2, 'Bard', 'Priestner', 'nd23d2j7', 'PA', 1, 'ADMIN', CURRENT_TIMESTAMP);
INSERT INTO CREDITDB.CLIENT (ID_TARGET, FIRST_NAME, LAST_NAME, NATIONAL_ID, TYPE_NATIONAL_ID, STATUS, CREATION_USER, CREATION_DATE) VALUES (2, 'Barnebas', 'Pattillo', 'zl34q5e3', 'PA', 1, 'ADMIN', CURRENT_TIMESTAMP);
INSERT INTO CREDITDB.CLIENT (ID_TARGET, FIRST_NAME, LAST_NAME, NATIONAL_ID, TYPE_NATIONAL_ID, STATUS, CREATION_USER, CREATION_DATE) VALUES (1, 'Berry', 'Storton', 'fw37k3e1', 'PA', 1, 'ADMIN', CURRENT_TIMESTAMP);
INSERT INTO CREDITDB.CLIENT (ID_TARGET, FIRST_NAME, LAST_NAME, NATIONAL_ID, TYPE_NATIONAL_ID, STATUS, CREATION_USER, CREATION_DATE) VALUES (3, 'Ronny', 'Rusling', 'md04o2j6', 'PA', 1, 'ADMIN', CURRENT_TIMESTAMP);
INSERT INTO CREDITDB.CLIENT (ID_TARGET, FIRST_NAME, LAST_NAME, NATIONAL_ID, TYPE_NATIONAL_ID, STATUS, CREATION_USER, CREATION_DATE) VALUES (3, 'Traci', 'Ghiron', 'ab85y4s2', 'PA', 1, 'ADMIN', CURRENT_TIMESTAMP);
INSERT INTO CREDITDB.CLIENT (ID_TARGET, FIRST_NAME, LAST_NAME, NATIONAL_ID, TYPE_NATIONAL_ID, STATUS, CREATION_USER, CREATION_DATE) VALUES (1, 'Augustine', 'Dawidowsky', 'eu79b2c2', 'PA', 1, 'ADMIN', CURRENT_TIMESTAMP);
INSERT INTO CREDITDB.CLIENT (ID_TARGET, FIRST_NAME, LAST_NAME, NATIONAL_ID, TYPE_NATIONAL_ID, STATUS, CREATION_USER, CREATION_DATE) VALUES (3, 'Townie', 'Dockreay', 'qq92u9y7', 'PA', 1, 'ADMIN', CURRENT_TIMESTAMP);
INSERT INTO CREDITDB.CLIENT (ID_TARGET, FIRST_NAME, LAST_NAME, NATIONAL_ID, TYPE_NATIONAL_ID, STATUS, CREATION_USER, CREATION_DATE) VALUES (2, 'Florance', 'Tosney', 'gb45d0x6', 'PA', 1, 'ADMIN', CURRENT_TIMESTAMP);
INSERT INTO CREDITDB.CLIENT (ID_TARGET, FIRST_NAME, LAST_NAME, NATIONAL_ID, TYPE_NATIONAL_ID, STATUS, CREATION_USER, CREATION_DATE) VALUES (2, 'Gypsy', 'Tathacott', 'gq49r0o3', 'PA', 1, 'ADMIN', CURRENT_TIMESTAMP);
INSERT INTO CREDITDB.CLIENT (ID_TARGET, FIRST_NAME, LAST_NAME, NATIONAL_ID, TYPE_NATIONAL_ID, STATUS, CREATION_USER, CREATION_DATE) VALUES (2, 'Carlee', 'Moretto', 'nq68f0w6', 'PA', 1, 'ADMIN', CURRENT_TIMESTAMP);
INSERT INTO CREDITDB.CLIENT (ID_TARGET, FIRST_NAME, LAST_NAME, NATIONAL_ID, TYPE_NATIONAL_ID, STATUS, CREATION_USER, CREATION_DATE) VALUES (1, 'Lyndsay', 'Readman', 'aw04e7r5', 'PA', 1, 'ADMIN', CURRENT_TIMESTAMP);
INSERT INTO CREDITDB.CLIENT (ID_TARGET, FIRST_NAME, LAST_NAME, NATIONAL_ID, TYPE_NATIONAL_ID, STATUS, CREATION_USER, CREATION_DATE) VALUES (1, 'Pat', 'Varfolomeev', 'sb08v3o3', 'PA', 1, 'ADMIN', CURRENT_TIMESTAMP);
INSERT INTO CREDITDB.CLIENT (ID_TARGET, FIRST_NAME, LAST_NAME, NATIONAL_ID, TYPE_NATIONAL_ID, STATUS, CREATION_USER, CREATION_DATE) VALUES (3, 'Pietrek', 'Faughny', 'wk26m4h9', 'PA', 1, 'ADMIN', CURRENT_TIMESTAMP);
INSERT INTO CREDITDB.CLIENT (ID_TARGET, FIRST_NAME, LAST_NAME, NATIONAL_ID, TYPE_NATIONAL_ID, STATUS, CREATION_USER, CREATION_DATE) VALUES (1, 'Shaylynn', 'Harber', 'dk99n3o6', 'PA', 1, 'ADMIN', CURRENT_TIMESTAMP);
INSERT INTO CREDITDB.CLIENT (ID_TARGET, FIRST_NAME, LAST_NAME, NATIONAL_ID, TYPE_NATIONAL_ID, STATUS, CREATION_USER, CREATION_DATE) VALUES (3, 'Durand', 'Kilalea', 'yd24x0h3', 'PA', 1, 'ADMIN', CURRENT_TIMESTAMP);
INSERT INTO CREDITDB.CLIENT (ID_TARGET, FIRST_NAME, LAST_NAME, NATIONAL_ID, TYPE_NATIONAL_ID, STATUS, CREATION_USER, CREATION_DATE) VALUES (2, 'Lucia', 'Maides', 'qe55j8r6', 'PA', 1, 'ADMIN', CURRENT_TIMESTAMP);
INSERT INTO CREDITDB.CLIENT (ID_TARGET, FIRST_NAME, LAST_NAME, NATIONAL_ID, TYPE_NATIONAL_ID, STATUS, CREATION_USER, CREATION_DATE) VALUES (1, 'Kara-lynn', 'Lambrecht', 'xk72a3c3', 'PA', 1, 'ADMIN', CURRENT_TIMESTAMP);
INSERT INTO CREDITDB.CLIENT (ID_TARGET, FIRST_NAME, LAST_NAME, NATIONAL_ID, TYPE_NATIONAL_ID, STATUS, CREATION_USER, CREATION_DATE) VALUES (3, 'Daniella', 'Waghorne', 'mr89t1l6', 'PA', 1, 'ADMIN', CURRENT_TIMESTAMP);
INSERT INTO CREDITDB.CLIENT (ID_TARGET, FIRST_NAME, LAST_NAME, NATIONAL_ID, TYPE_NATIONAL_ID, STATUS, CREATION_USER, CREATION_DATE) VALUES (1, 'Amelina', 'Blunsen', 'cn59g6k1', 'PA', 1, 'ADMIN', CURRENT_TIMESTAMP);
INSERT INTO CREDITDB.CLIENT (ID_TARGET, FIRST_NAME, LAST_NAME, NATIONAL_ID, TYPE_NATIONAL_ID, STATUS, CREATION_USER, CREATION_DATE) VALUES (3, 'Nealy', 'Kirke', 'ry95l2t2', 'PA', 1, 'ADMIN', CURRENT_TIMESTAMP);
INSERT INTO CREDITDB.CLIENT (ID_TARGET, FIRST_NAME, LAST_NAME, NATIONAL_ID, TYPE_NATIONAL_ID, STATUS, CREATION_USER, CREATION_DATE) VALUES (2, 'Alanna', 'Gittoes', 'oa60q9s8', 'PA', 1, 'ADMIN', CURRENT_TIMESTAMP);
INSERT INTO CREDITDB.CLIENT (ID_TARGET, FIRST_NAME, LAST_NAME, NATIONAL_ID, TYPE_NATIONAL_ID, STATUS, CREATION_USER, CREATION_DATE) VALUES (3, 'Darin', 'Bury', 'ha76i6t8', 'PA', 1, 'ADMIN', CURRENT_TIMESTAMP);
INSERT INTO CREDITDB.CLIENT (ID_TARGET, FIRST_NAME, LAST_NAME, NATIONAL_ID, TYPE_NATIONAL_ID, STATUS, CREATION_USER, CREATION_DATE) VALUES (1, 'Fara', 'Moreside', 'ge17i2k1', 'PA', 1, 'ADMIN', CURRENT_TIMESTAMP);
INSERT INTO CREDITDB.CLIENT (ID_TARGET, FIRST_NAME, LAST_NAME, NATIONAL_ID, TYPE_NATIONAL_ID, STATUS, CREATION_USER, CREATION_DATE) VALUES (1, 'Mia', 'Tarn', 'lx29g2u7', 'PA', 1, 'ADMIN', CURRENT_TIMESTAMP);
INSERT INTO CREDITDB.CLIENT (ID_TARGET, FIRST_NAME, LAST_NAME, NATIONAL_ID, TYPE_NATIONAL_ID, STATUS, CREATION_USER, CREATION_DATE) VALUES (3, 'Cointon', 'Somersett', 'kb82h0e8', 'PA', 1, 'ADMIN', CURRENT_TIMESTAMP);
INSERT INTO CREDITDB.CLIENT (ID_TARGET, FIRST_NAME, LAST_NAME, NATIONAL_ID, TYPE_NATIONAL_ID, STATUS, CREATION_USER, CREATION_DATE) VALUES (3, 'Seka', 'Farnie', 'kb40z6q5', 'PA', 1, 'ADMIN', CURRENT_TIMESTAMP);
INSERT INTO CREDITDB.CLIENT (ID_TARGET, FIRST_NAME, LAST_NAME, NATIONAL_ID, TYPE_NATIONAL_ID, STATUS, CREATION_USER, CREATION_DATE) VALUES (2, 'Catherina', 'Archibould', 'ac32d9t2', 'PA', 1, 'ADMIN', CURRENT_TIMESTAMP);
INSERT INTO CREDITDB.CLIENT (ID_TARGET, FIRST_NAME, LAST_NAME, NATIONAL_ID, TYPE_NATIONAL_ID, STATUS, CREATION_USER, CREATION_DATE) VALUES (2, 'Munroe', 'Bergeau', 'to54v8t9', 'PA', 1, 'ADMIN', CURRENT_TIMESTAMP);
INSERT INTO CREDITDB.CLIENT (ID_TARGET, FIRST_NAME, LAST_NAME, NATIONAL_ID, TYPE_NATIONAL_ID, STATUS, CREATION_USER, CREATION_DATE) VALUES (3, 'Deni', 'Singers', 'hg27o9t7', 'PA', 1, 'ADMIN', CURRENT_TIMESTAMP);
INSERT INTO CREDITDB.CLIENT (ID_TARGET, FIRST_NAME, LAST_NAME, NATIONAL_ID, TYPE_NATIONAL_ID, STATUS, CREATION_USER, CREATION_DATE) VALUES (1, 'Edouard', 'Rego', 'cg24h8e4', 'PA', 1, 'ADMIN', CURRENT_TIMESTAMP);
INSERT INTO CREDITDB.CLIENT (ID_TARGET, FIRST_NAME, LAST_NAME, NATIONAL_ID, TYPE_NATIONAL_ID, STATUS, CREATION_USER, CREATION_DATE) VALUES (2, 'Karalee', 'Kemme', 'br39w5c6', 'PA', 1, 'ADMIN', CURRENT_TIMESTAMP);
INSERT INTO CREDITDB.CLIENT (ID_TARGET, FIRST_NAME, LAST_NAME, NATIONAL_ID, TYPE_NATIONAL_ID, STATUS, CREATION_USER, CREATION_DATE) VALUES (2, 'Frazer', 'Punt', 'mo08e4y6', 'PA', 1, 'ADMIN', CURRENT_TIMESTAMP);
INSERT INTO CREDITDB.CLIENT (ID_TARGET, FIRST_NAME, LAST_NAME, NATIONAL_ID, TYPE_NATIONAL_ID, STATUS, CREATION_USER, CREATION_DATE) VALUES (2, 'Lacie', 'Rankine', 'ar05o7b2', 'PA', 1, 'ADMIN', CURRENT_TIMESTAMP);
INSERT INTO CREDITDB.CLIENT (ID_TARGET, FIRST_NAME, LAST_NAME, NATIONAL_ID, TYPE_NATIONAL_ID, STATUS, CREATION_USER, CREATION_DATE) VALUES (2, 'Meta', 'Chadderton', 'bk27n2e8', 'PA', 1, 'ADMIN', CURRENT_TIMESTAMP);
INSERT INTO CREDITDB.CLIENT (ID_TARGET, FIRST_NAME, LAST_NAME, NATIONAL_ID, TYPE_NATIONAL_ID, STATUS, CREATION_USER, CREATION_DATE) VALUES (2, 'Melisse', 'Frise', 'ik29j7o5', 'PA', 1, 'ADMIN', CURRENT_TIMESTAMP);
INSERT INTO CREDITDB.CLIENT (ID_TARGET, FIRST_NAME, LAST_NAME, NATIONAL_ID, TYPE_NATIONAL_ID, STATUS, CREATION_USER, CREATION_DATE) VALUES (3, 'Ricoriki', 'Klarzynski', 'hb51s8o4', 'PA', 1, 'ADMIN', CURRENT_TIMESTAMP);
INSERT INTO CREDITDB.CLIENT (ID_TARGET, FIRST_NAME, LAST_NAME, NATIONAL_ID, TYPE_NATIONAL_ID, STATUS, CREATION_USER, CREATION_DATE) VALUES (1, 'Hakim', 'Raise', 'xp31i8q7', 'PA', 1, 'ADMIN', CURRENT_TIMESTAMP);
INSERT INTO CREDITDB.CLIENT (ID_TARGET, FIRST_NAME, LAST_NAME, NATIONAL_ID, TYPE_NATIONAL_ID, STATUS, CREATION_USER, CREATION_DATE) VALUES (3, 'Letisha', 'Jerrome', 'aa94g5y3', 'PA', 1, 'ADMIN', CURRENT_TIMESTAMP);
INSERT INTO CREDITDB.CLIENT (ID_TARGET, FIRST_NAME, LAST_NAME, NATIONAL_ID, TYPE_NATIONAL_ID, STATUS, CREATION_USER, CREATION_DATE) VALUES (2, 'Merwin', 'Marshalleck', 'kk03p7v6', 'PA', 1, 'ADMIN', CURRENT_TIMESTAMP);
INSERT INTO CREDITDB.CLIENT (ID_TARGET, FIRST_NAME, LAST_NAME, NATIONAL_ID, TYPE_NATIONAL_ID, STATUS, CREATION_USER, CREATION_DATE) VALUES (2, 'Jerald', 'Stango', 'qu23r9d6', 'PA', 1, 'ADMIN', CURRENT_TIMESTAMP);
INSERT INTO CREDITDB.CLIENT (ID_TARGET, FIRST_NAME, LAST_NAME, NATIONAL_ID, TYPE_NATIONAL_ID, STATUS, CREATION_USER, CREATION_DATE) VALUES (1, 'Hall', 'Newlyn', 'qg27x3x0', 'PA', 1, 'ADMIN', CURRENT_TIMESTAMP);
INSERT INTO CREDITDB.CLIENT (ID_TARGET, FIRST_NAME, LAST_NAME, NATIONAL_ID, TYPE_NATIONAL_ID, STATUS, CREATION_USER, CREATION_DATE) VALUES (1, 'Donny', 'Kopec', 'pd52r6a8', 'PA', 1, 'ADMIN', CURRENT_TIMESTAMP);
INSERT INTO CREDITDB.CLIENT (ID_TARGET, FIRST_NAME, LAST_NAME, NATIONAL_ID, TYPE_NATIONAL_ID, STATUS, CREATION_USER, CREATION_DATE) VALUES (3, 'Randolf', 'Streatfield', 'fr19t4a4', 'PA', 1, 'ADMIN', CURRENT_TIMESTAMP);
INSERT INTO CREDITDB.CLIENT (ID_TARGET, FIRST_NAME, LAST_NAME, NATIONAL_ID, TYPE_NATIONAL_ID, STATUS, CREATION_USER, CREATION_DATE) VALUES (3, 'Conan', 'Bohea', 'pl93l7k5', 'PA', 1, 'ADMIN', CURRENT_TIMESTAMP);
INSERT INTO CREDITDB.CLIENT (ID_TARGET, FIRST_NAME, LAST_NAME, NATIONAL_ID, TYPE_NATIONAL_ID, STATUS, CREATION_USER, CREATION_DATE) VALUES (2, 'Phil', 'Dumberrill', 'yo89o4v6', 'PA', 1, 'ADMIN', CURRENT_TIMESTAMP);
INSERT INTO CREDITDB.CLIENT (ID_TARGET, FIRST_NAME, LAST_NAME, NATIONAL_ID, TYPE_NATIONAL_ID, STATUS, CREATION_USER, CREATION_DATE) VALUES (1, 'Shara', 'Janata', 'tw19r2h0', 'PA', 1, 'ADMIN', CURRENT_TIMESTAMP);
INSERT INTO CREDITDB.CLIENT (ID_TARGET, FIRST_NAME, LAST_NAME, NATIONAL_ID, TYPE_NATIONAL_ID, STATUS, CREATION_USER, CREATION_DATE) VALUES (3, 'Feodor', 'Issett', 'sf70u0c1', 'PA', 1, 'ADMIN', CURRENT_TIMESTAMP);
INSERT INTO CREDITDB.CLIENT (ID_TARGET, FIRST_NAME, LAST_NAME, NATIONAL_ID, TYPE_NATIONAL_ID, STATUS, CREATION_USER, CREATION_DATE) VALUES (3, 'Chelsea', 'McHenry', 'xh52n2k7', 'PA', 1, 'ADMIN', CURRENT_TIMESTAMP);
INSERT INTO CREDITDB.CLIENT (ID_TARGET, FIRST_NAME, LAST_NAME, NATIONAL_ID, TYPE_NATIONAL_ID, STATUS, CREATION_USER, CREATION_DATE) VALUES (2, 'Ivor', 'Chetwin', 'pm49m9x8', 'PA', 1, 'ADMIN', CURRENT_TIMESTAMP);
INSERT INTO CREDITDB.CLIENT (ID_TARGET, FIRST_NAME, LAST_NAME, NATIONAL_ID, TYPE_NATIONAL_ID, STATUS, CREATION_USER, CREATION_DATE) VALUES (2, 'Jordain', 'Houldin', 'ut64w6k2', 'PA', 1, 'ADMIN', CURRENT_TIMESTAMP);
INSERT INTO CREDITDB.CLIENT (ID_TARGET, FIRST_NAME, LAST_NAME, NATIONAL_ID, TYPE_NATIONAL_ID, STATUS, CREATION_USER, CREATION_DATE) VALUES (3, 'Meridith', 'Brislan', 'np49e4s0', 'PA', 1, 'ADMIN', CURRENT_TIMESTAMP);
INSERT INTO CREDITDB.CLIENT (ID_TARGET, FIRST_NAME, LAST_NAME, NATIONAL_ID, TYPE_NATIONAL_ID, STATUS, CREATION_USER, CREATION_DATE) VALUES (2, 'Hinda', 'Dellatorre', 'ys33k4g1', 'PA', 1, 'ADMIN', CURRENT_TIMESTAMP);
INSERT INTO CREDITDB.CLIENT (ID_TARGET, FIRST_NAME, LAST_NAME, NATIONAL_ID, TYPE_NATIONAL_ID, STATUS, CREATION_USER, CREATION_DATE) VALUES (3, 'Jena', 'Runsey', 'cw68p6l6', 'PA', 1, 'ADMIN', CURRENT_TIMESTAMP);
INSERT INTO CREDITDB.CLIENT (ID_TARGET, FIRST_NAME, LAST_NAME, NATIONAL_ID, TYPE_NATIONAL_ID, STATUS, CREATION_USER, CREATION_DATE) VALUES (1, 'Lind', 'Ellis', 'zf17a5e7', 'PA', 1, 'ADMIN', CURRENT_TIMESTAMP);
INSERT INTO CREDITDB.CLIENT (ID_TARGET, FIRST_NAME, LAST_NAME, NATIONAL_ID, TYPE_NATIONAL_ID, STATUS, CREATION_USER, CREATION_DATE) VALUES (2, 'Dulsea', 'Maidens', 'ar04f4w8', 'PA', 1, 'ADMIN', CURRENT_TIMESTAMP);
INSERT INTO CREDITDB.CLIENT (ID_TARGET, FIRST_NAME, LAST_NAME, NATIONAL_ID, TYPE_NATIONAL_ID, STATUS, CREATION_USER, CREATION_DATE) VALUES (3, 'Raimondo', 'Taffley', 'sj06o1d8', 'PA', 1, 'ADMIN', CURRENT_TIMESTAMP);
INSERT INTO CREDITDB.CLIENT (ID_TARGET, FIRST_NAME, LAST_NAME, NATIONAL_ID, TYPE_NATIONAL_ID, STATUS, CREATION_USER, CREATION_DATE) VALUES (2, 'Hewitt', 'Treneer', 'rz55q1z7', 'PA', 1, 'ADMIN', CURRENT_TIMESTAMP);
INSERT INTO CREDITDB.CLIENT (ID_TARGET, FIRST_NAME, LAST_NAME, NATIONAL_ID, TYPE_NATIONAL_ID, STATUS, CREATION_USER, CREATION_DATE) VALUES (3, 'Bern', 'Woolcocks', 'oh68e9b0', 'PA', 1, 'ADMIN', CURRENT_TIMESTAMP);
INSERT INTO CREDITDB.CLIENT (ID_TARGET, FIRST_NAME, LAST_NAME, NATIONAL_ID, TYPE_NATIONAL_ID, STATUS, CREATION_USER, CREATION_DATE) VALUES (1, 'Aurilia', 'Smail', 'fq13c6v1', 'PA', 1, 'ADMIN', CURRENT_TIMESTAMP);
INSERT INTO CREDITDB.CLIENT (ID_TARGET, FIRST_NAME, LAST_NAME, NATIONAL_ID, TYPE_NATIONAL_ID, STATUS, CREATION_USER, CREATION_DATE) VALUES (2, 'Alick', 'McFie', 'ap66l2w2', 'PA', 1, 'ADMIN', CURRENT_TIMESTAMP);
INSERT INTO CREDITDB.CLIENT (ID_TARGET, FIRST_NAME, LAST_NAME, NATIONAL_ID, TYPE_NATIONAL_ID, STATUS, CREATION_USER, CREATION_DATE) VALUES (1, 'Camile', 'Falconbridge', 'lj31l3u6', 'PA', 1, 'ADMIN', CURRENT_TIMESTAMP);
INSERT INTO CREDITDB.CLIENT (ID_TARGET, FIRST_NAME, LAST_NAME, NATIONAL_ID, TYPE_NATIONAL_ID, STATUS, CREATION_USER, CREATION_DATE) VALUES (3, 'Anatola', 'Backwell', 'ox98h7e2', 'PA', 1, 'ADMIN', CURRENT_TIMESTAMP);
INSERT INTO CREDITDB.CLIENT (ID_TARGET, FIRST_NAME, LAST_NAME, NATIONAL_ID, TYPE_NATIONAL_ID, STATUS, CREATION_USER, CREATION_DATE) VALUES (2, 'Price', 'Lattimore', 'gk27l8m6', 'PA', 1, 'ADMIN', CURRENT_TIMESTAMP);
INSERT INTO CREDITDB.CLIENT (ID_TARGET, FIRST_NAME, LAST_NAME, NATIONAL_ID, TYPE_NATIONAL_ID, STATUS, CREATION_USER, CREATION_DATE) VALUES (2, 'Victoria', 'Scarisbrick', 'rz08k4d6', 'PA', 1, 'ADMIN', CURRENT_TIMESTAMP);
INSERT INTO CREDITDB.CLIENT (ID_TARGET, FIRST_NAME, LAST_NAME, NATIONAL_ID, TYPE_NATIONAL_ID, STATUS, CREATION_USER, CREATION_DATE) VALUES (3, 'Ricardo', 'Freke', 'de81b9o0', 'PA', 1, 'ADMIN', CURRENT_TIMESTAMP);
INSERT INTO CREDITDB.CLIENT (ID_TARGET, FIRST_NAME, LAST_NAME, NATIONAL_ID, TYPE_NATIONAL_ID, STATUS, CREATION_USER, CREATION_DATE) VALUES (1, 'Dyanne', 'Risdale', 'yh93f7c1', 'PA', 1, 'ADMIN', CURRENT_TIMESTAMP);
INSERT INTO CREDITDB.CLIENT (ID_TARGET, FIRST_NAME, LAST_NAME, NATIONAL_ID, TYPE_NATIONAL_ID, STATUS, CREATION_USER, CREATION_DATE) VALUES (3, 'Yetty', 'Ades', 'sq25k6j1', 'PA', 1, 'ADMIN', CURRENT_TIMESTAMP);
INSERT INTO CREDITDB.CLIENT (ID_TARGET, FIRST_NAME, LAST_NAME, NATIONAL_ID, TYPE_NATIONAL_ID, STATUS, CREATION_USER, CREATION_DATE) VALUES (3, 'Rozanne', 'Chesson', 'vz98f3c8', 'PA', 1, 'ADMIN', CURRENT_TIMESTAMP);
INSERT INTO CREDITDB.CLIENT (ID_TARGET, FIRST_NAME, LAST_NAME, NATIONAL_ID, TYPE_NATIONAL_ID, STATUS, CREATION_USER, CREATION_DATE) VALUES (1, 'Elane', 'Matten', 'ei47s5m8', 'PA', 1, 'ADMIN', CURRENT_TIMESTAMP);
INSERT INTO CREDITDB.CLIENT (ID_TARGET, FIRST_NAME, LAST_NAME, NATIONAL_ID, TYPE_NATIONAL_ID, STATUS, CREATION_USER, CREATION_DATE) VALUES (2, 'Judas', 'Hayer', 'kk09i5s2', 'PA', 1, 'ADMIN', CURRENT_TIMESTAMP);
INSERT INTO CREDITDB.CLIENT (ID_TARGET, FIRST_NAME, LAST_NAME, NATIONAL_ID, TYPE_NATIONAL_ID, STATUS, CREATION_USER, CREATION_DATE) VALUES (2, 'Erie', 'Marton', 'rq52u3j2', 'PA', 1, 'ADMIN', CURRENT_TIMESTAMP);
INSERT INTO CREDITDB.CLIENT (ID_TARGET, FIRST_NAME, LAST_NAME, NATIONAL_ID, TYPE_NATIONAL_ID, STATUS, CREATION_USER, CREATION_DATE) VALUES (1, 'Lila', 'Pretswell', 'uv26v3s7', 'PA', 1, 'ADMIN', CURRENT_TIMESTAMP);
INSERT INTO CREDITDB.CLIENT (ID_TARGET, FIRST_NAME, LAST_NAME, NATIONAL_ID, TYPE_NATIONAL_ID, STATUS, CREATION_USER, CREATION_DATE) VALUES (3, 'Meyer', 'Steer', 'pt81o7r6', 'PA', 1, 'ADMIN', CURRENT_TIMESTAMP);
INSERT INTO CREDITDB.CLIENT (ID_TARGET, FIRST_NAME, LAST_NAME, NATIONAL_ID, TYPE_NATIONAL_ID, STATUS, CREATION_USER, CREATION_DATE) VALUES (1, 'Spenser', 'Mordue', 'oa50h6q7', 'PA', 1, 'ADMIN', CURRENT_TIMESTAMP);
INSERT INTO CREDITDB.CLIENT (ID_TARGET, FIRST_NAME, LAST_NAME, NATIONAL_ID, TYPE_NATIONAL_ID, STATUS, CREATION_USER, CREATION_DATE) VALUES (3, 'Jinny', 'Deguara', 'nm18k8z8', 'PA', 1, 'ADMIN', CURRENT_TIMESTAMP);
INSERT INTO CREDITDB.CLIENT (ID_TARGET, FIRST_NAME, LAST_NAME, NATIONAL_ID, TYPE_NATIONAL_ID, STATUS, CREATION_USER, CREATION_DATE) VALUES (2, 'Dud', 'Haycock', 'gu70v0s3', 'PA', 1, 'ADMIN', CURRENT_TIMESTAMP);
INSERT INTO CREDITDB.CLIENT (ID_TARGET, FIRST_NAME, LAST_NAME, NATIONAL_ID, TYPE_NATIONAL_ID, STATUS, CREATION_USER, CREATION_DATE) VALUES (2, 'Curran', 'Gallaher', 'li44b4r8', 'PA', 1, 'ADMIN', CURRENT_TIMESTAMP);
INSERT INTO CREDITDB.CLIENT (ID_TARGET, FIRST_NAME, LAST_NAME, NATIONAL_ID, TYPE_NATIONAL_ID, STATUS, CREATION_USER, CREATION_DATE) VALUES (3, 'Bibby', 'Dorr', 'li13o1t1', 'PA', 1, 'ADMIN', CURRENT_TIMESTAMP);
INSERT INTO CREDITDB.CLIENT (ID_TARGET, FIRST_NAME, LAST_NAME, NATIONAL_ID, TYPE_NATIONAL_ID, STATUS, CREATION_USER, CREATION_DATE) VALUES (1, 'Hewett', 'Walcar', 'xf35a8z9', 'PA', 1, 'ADMIN', CURRENT_TIMESTAMP);
INSERT INTO CREDITDB.CLIENT (ID_TARGET, FIRST_NAME, LAST_NAME, NATIONAL_ID, TYPE_NATIONAL_ID, STATUS, CREATION_USER, CREATION_DATE) VALUES (1, 'Barny', 'Le - Count', 'pz56z7v9', 'PA', 1, 'ADMIN', CURRENT_TIMESTAMP);
INSERT INTO CREDITDB.CLIENT (ID_TARGET, FIRST_NAME, LAST_NAME, NATIONAL_ID, TYPE_NATIONAL_ID, STATUS, CREATION_USER, CREATION_DATE) VALUES (2, 'Yancy', 'Rubinsaft', 'wc82e9i6', 'PA', 1, 'ADMIN', CURRENT_TIMESTAMP);
INSERT INTO CREDITDB.CLIENT (ID_TARGET, FIRST_NAME, LAST_NAME, NATIONAL_ID, TYPE_NATIONAL_ID, STATUS, CREATION_USER, CREATION_DATE) VALUES (1, 'Agnes', 'Acres', 'wz60x5s3', 'PA', 1, 'ADMIN', CURRENT_TIMESTAMP);
INSERT INTO CREDITDB.CLIENT (ID_TARGET, FIRST_NAME, LAST_NAME, NATIONAL_ID, TYPE_NATIONAL_ID, STATUS, CREATION_USER, CREATION_DATE) VALUES (2, 'Chandler', 'Archdeacon', 'ed58f0m1', 'PA', 1, 'ADMIN', CURRENT_TIMESTAMP);
INSERT INTO CREDITDB.CLIENT (ID_TARGET, FIRST_NAME, LAST_NAME, NATIONAL_ID, TYPE_NATIONAL_ID, STATUS, CREATION_USER, CREATION_DATE) VALUES (1, 'Elenore', 'Vondrach', 'vz74s4g8', 'PA', 1, 'ADMIN', CURRENT_TIMESTAMP);
INSERT INTO CREDITDB.CLIENT (ID_TARGET, FIRST_NAME, LAST_NAME, NATIONAL_ID, TYPE_NATIONAL_ID, STATUS, CREATION_USER, CREATION_DATE) VALUES (2, 'Kym', 'Sambells', 'vb73t7v9', 'PA', 1, 'ADMIN', CURRENT_TIMESTAMP);
INSERT INTO CREDITDB.CLIENT (ID_TARGET, FIRST_NAME, LAST_NAME, NATIONAL_ID, TYPE_NATIONAL_ID, STATUS, CREATION_USER, CREATION_DATE) VALUES (1, 'Quintin', 'Rubel', 'fl32i3s4', 'PA', 1, 'ADMIN', CURRENT_TIMESTAMP);
INSERT INTO CREDITDB.CLIENT (ID_TARGET, FIRST_NAME, LAST_NAME, NATIONAL_ID, TYPE_NATIONAL_ID, STATUS, CREATION_USER, CREATION_DATE) VALUES (2, 'Nancey', 'Schankel', 'yx46k5b0', 'PA', 1, 'ADMIN', CURRENT_TIMESTAMP);
INSERT INTO CREDITDB.CLIENT (ID_TARGET, FIRST_NAME, LAST_NAME, NATIONAL_ID, TYPE_NATIONAL_ID, STATUS, CREATION_USER, CREATION_DATE) VALUES (2, 'Bria', 'Housiaux', 'rm90p4c3', 'PA', 1, 'ADMIN', CURRENT_TIMESTAMP);
INSERT INTO CREDITDB.CLIENT (ID_TARGET, FIRST_NAME, LAST_NAME, NATIONAL_ID, TYPE_NATIONAL_ID, STATUS, CREATION_USER, CREATION_DATE) VALUES (3, 'Melisandra', 'Beacon', 'xm48w1e6', 'PA', 1, 'ADMIN', CURRENT_TIMESTAMP);
INSERT INTO CREDITDB.CLIENT (ID_TARGET, FIRST_NAME, LAST_NAME, NATIONAL_ID, TYPE_NATIONAL_ID, STATUS, CREATION_USER, CREATION_DATE) VALUES (2, 'Meghann', 'Rossetti', 'yr81g6n6', 'PA', 1, 'ADMIN', CURRENT_TIMESTAMP);
INSERT INTO CREDITDB.CLIENT (ID_TARGET, FIRST_NAME, LAST_NAME, NATIONAL_ID, TYPE_NATIONAL_ID, STATUS, CREATION_USER, CREATION_DATE) VALUES (1, 'Bastian', 'Domenget', 'ud34k1i6', 'PA', 1, 'ADMIN', CURRENT_TIMESTAMP);
INSERT INTO CREDITDB.CLIENT (ID_TARGET, FIRST_NAME, LAST_NAME, NATIONAL_ID, TYPE_NATIONAL_ID, STATUS, CREATION_USER, CREATION_DATE) VALUES (3, 'Silvano', 'Fraschini', 'do91j7c1', 'PA', 1, 'ADMIN', CURRENT_TIMESTAMP);
INSERT INTO CREDITDB.CLIENT (ID_TARGET, FIRST_NAME, LAST_NAME, NATIONAL_ID, TYPE_NATIONAL_ID, STATUS, CREATION_USER, CREATION_DATE) VALUES (3, 'Alain', 'Sillett', 'cg09t7q9', 'PA', 1, 'ADMIN', CURRENT_TIMESTAMP);
INSERT INTO CREDITDB.CLIENT (ID_TARGET, FIRST_NAME, LAST_NAME, NATIONAL_ID, TYPE_NATIONAL_ID, STATUS, CREATION_USER, CREATION_DATE) VALUES (1, 'Esteban', 'D''Alwis', 'pu14j0t3', 'PA', 1, 'ADMIN', CURRENT_TIMESTAMP);
INSERT INTO CREDITDB.CLIENT (ID_TARGET, FIRST_NAME, LAST_NAME, NATIONAL_ID, TYPE_NATIONAL_ID, STATUS, CREATION_USER, CREATION_DATE) VALUES (2, 'Belle', 'Deards', 'dt18z5p0', 'PA', 1, 'ADMIN', CURRENT_TIMESTAMP);
INSERT INTO CREDITDB.CLIENT (ID_TARGET, FIRST_NAME, LAST_NAME, NATIONAL_ID, TYPE_NATIONAL_ID, STATUS, CREATION_USER, CREATION_DATE) VALUES (1, 'Hieronymus', 'Sharville', 'qe62c9d3', 'PA', 1, 'ADMIN', CURRENT_TIMESTAMP);
INSERT INTO CREDITDB.CLIENT (ID_TARGET, FIRST_NAME, LAST_NAME, NATIONAL_ID, TYPE_NATIONAL_ID, STATUS, CREATION_USER, CREATION_DATE) VALUES (3, 'Bettine', 'Barnwill', 'tm86u2h9', 'PA', 1, 'ADMIN', CURRENT_TIMESTAMP);
INSERT INTO CREDITDB.CLIENT (ID_TARGET, FIRST_NAME, LAST_NAME, NATIONAL_ID, TYPE_NATIONAL_ID, STATUS, CREATION_USER, CREATION_DATE) VALUES (1, 'Ardenia', 'Nears', 'oz16s0b5', 'PA', 1, 'ADMIN', CURRENT_TIMESTAMP);
INSERT INTO CREDITDB.CLIENT (ID_TARGET, FIRST_NAME, LAST_NAME, NATIONAL_ID, TYPE_NATIONAL_ID, STATUS, CREATION_USER, CREATION_DATE) VALUES (1, 'Jacquette', 'Kealy', 'ml27x1h6', 'PA', 1, 'ADMIN', CURRENT_TIMESTAMP);
INSERT INTO CREDITDB.CLIENT (ID_TARGET, FIRST_NAME, LAST_NAME, NATIONAL_ID, TYPE_NATIONAL_ID, STATUS, CREATION_USER, CREATION_DATE) VALUES (3, 'Luis', 'Avarne', 'dq51f0c9', 'PA', 1, 'ADMIN', CURRENT_TIMESTAMP);
INSERT INTO CREDITDB.CLIENT (ID_TARGET, FIRST_NAME, LAST_NAME, NATIONAL_ID, TYPE_NATIONAL_ID, STATUS, CREATION_USER, CREATION_DATE) VALUES (1, 'Archibald', 'Lackham', 'em71y3w1', 'PA', 1, 'ADMIN', CURRENT_TIMESTAMP);
INSERT INTO CREDITDB.CLIENT (ID_TARGET, FIRST_NAME, LAST_NAME, NATIONAL_ID, TYPE_NATIONAL_ID, STATUS, CREATION_USER, CREATION_DATE) VALUES (3, 'Kissie', 'Blakeman', 'cv55p8e9', 'PA', 1, 'ADMIN', CURRENT_TIMESTAMP);
INSERT INTO CREDITDB.CLIENT (ID_TARGET, FIRST_NAME, LAST_NAME, NATIONAL_ID, TYPE_NATIONAL_ID, STATUS, CREATION_USER, CREATION_DATE) VALUES (1, 'Suzette', 'Trusdale', 'mx70a4h8', 'PA', 1, 'ADMIN', CURRENT_TIMESTAMP);
INSERT INTO CREDITDB.CLIENT (ID_TARGET, FIRST_NAME, LAST_NAME, NATIONAL_ID, TYPE_NATIONAL_ID, STATUS, CREATION_USER, CREATION_DATE) VALUES (2, 'Angie', 'Harling', 'gh11t0z4', 'PA', 1, 'ADMIN', CURRENT_TIMESTAMP);
INSERT INTO CREDITDB.CLIENT (ID_TARGET, FIRST_NAME, LAST_NAME, NATIONAL_ID, TYPE_NATIONAL_ID, STATUS, CREATION_USER, CREATION_DATE) VALUES (1, 'Hussein', 'Cuniffe', 'cm43p7c9', 'PA', 1, 'ADMIN', CURRENT_TIMESTAMP);
INSERT INTO CREDITDB.CLIENT (ID_TARGET, FIRST_NAME, LAST_NAME, NATIONAL_ID, TYPE_NATIONAL_ID, STATUS, CREATION_USER, CREATION_DATE) VALUES (1, 'Antonin', 'Hannay', 'sf48f3k3', 'PA', 1, 'ADMIN', CURRENT_TIMESTAMP);
INSERT INTO CREDITDB.CLIENT (ID_TARGET, FIRST_NAME, LAST_NAME, NATIONAL_ID, TYPE_NATIONAL_ID, STATUS, CREATION_USER, CREATION_DATE) VALUES (1, 'Abner', 'Fynan', 'mf62s3z1', 'PA', 1, 'ADMIN', CURRENT_TIMESTAMP);
INSERT INTO CREDITDB.CLIENT (ID_TARGET, FIRST_NAME, LAST_NAME, NATIONAL_ID, TYPE_NATIONAL_ID, STATUS, CREATION_USER, CREATION_DATE) VALUES (1, 'Ferdy', 'Laughlin', 'gd37h4t0', 'PA', 1, 'ADMIN', CURRENT_TIMESTAMP);
INSERT INTO CREDITDB.CLIENT (ID_TARGET, FIRST_NAME, LAST_NAME, NATIONAL_ID, TYPE_NATIONAL_ID, STATUS, CREATION_USER, CREATION_DATE) VALUES (2, 'Eden', 'Kenwell', 'wa96f9i6', 'PA', 1, 'ADMIN', CURRENT_TIMESTAMP);
INSERT INTO CREDITDB.CLIENT (ID_TARGET, FIRST_NAME, LAST_NAME, NATIONAL_ID, TYPE_NATIONAL_ID, STATUS, CREATION_USER, CREATION_DATE) VALUES (2, 'Siusan', 'Bowbrick', 'da21q2f6', 'PA', 1, 'ADMIN', CURRENT_TIMESTAMP);
INSERT INTO CREDITDB.CLIENT (ID_TARGET, FIRST_NAME, LAST_NAME, NATIONAL_ID, TYPE_NATIONAL_ID, STATUS, CREATION_USER, CREATION_DATE) VALUES (1, 'Germain', 'Syne', 'gp97o9r6', 'PA', 1, 'ADMIN', CURRENT_TIMESTAMP);
INSERT INTO CREDITDB.CLIENT (ID_TARGET, FIRST_NAME, LAST_NAME, NATIONAL_ID, TYPE_NATIONAL_ID, STATUS, CREATION_USER, CREATION_DATE) VALUES (2, 'Kala', 'Oswal', 'ex46l3s7', 'PA', 1, 'ADMIN', CURRENT_TIMESTAMP);
INSERT INTO CREDITDB.CLIENT (ID_TARGET, FIRST_NAME, LAST_NAME, NATIONAL_ID, TYPE_NATIONAL_ID, STATUS, CREATION_USER, CREATION_DATE) VALUES (2, 'Joana', 'Joslin', 'up49z7h3', 'PA', 1, 'ADMIN', CURRENT_TIMESTAMP);
INSERT INTO CREDITDB.CLIENT (ID_TARGET, FIRST_NAME, LAST_NAME, NATIONAL_ID, TYPE_NATIONAL_ID, STATUS, CREATION_USER, CREATION_DATE) VALUES (1, 'Jacqui', 'Dubois', 'qy01g9c4', 'PA', 1, 'ADMIN', CURRENT_TIMESTAMP);
INSERT INTO CREDITDB.CLIENT (ID_TARGET, FIRST_NAME, LAST_NAME, NATIONAL_ID, TYPE_NATIONAL_ID, STATUS, CREATION_USER, CREATION_DATE) VALUES (2, 'Sara-ann', 'Wloch', 'jx46z6q6', 'PA', 1, 'ADMIN', CURRENT_TIMESTAMP);
INSERT INTO CREDITDB.CLIENT (ID_TARGET, FIRST_NAME, LAST_NAME, NATIONAL_ID, TYPE_NATIONAL_ID, STATUS, CREATION_USER, CREATION_DATE) VALUES (1, 'Papageno', 'O''Kieran', 'fj02i5h2', 'PA', 1, 'ADMIN', CURRENT_TIMESTAMP);
INSERT INTO CREDITDB.CLIENT (ID_TARGET, FIRST_NAME, LAST_NAME, NATIONAL_ID, TYPE_NATIONAL_ID, STATUS, CREATION_USER, CREATION_DATE) VALUES (1, 'Yoshi', 'Winridge', 'rz76d9r1', 'PA', 1, 'ADMIN', CURRENT_TIMESTAMP);
INSERT INTO CREDITDB.CLIENT (ID_TARGET, FIRST_NAME, LAST_NAME, NATIONAL_ID, TYPE_NATIONAL_ID, STATUS, CREATION_USER, CREATION_DATE) VALUES (1, 'Josepha', 'Gadie', 'ax97o2r4', 'PA', 1, 'ADMIN', CURRENT_TIMESTAMP);
INSERT INTO CREDITDB.CLIENT (ID_TARGET, FIRST_NAME, LAST_NAME, NATIONAL_ID, TYPE_NATIONAL_ID, STATUS, CREATION_USER, CREATION_DATE) VALUES (1, 'Maxi', 'Huntly', 'mj94o8x2', 'PA', 1, 'ADMIN', CURRENT_TIMESTAMP);
INSERT INTO CREDITDB.CLIENT (ID_TARGET, FIRST_NAME, LAST_NAME, NATIONAL_ID, TYPE_NATIONAL_ID, STATUS, CREATION_USER, CREATION_DATE) VALUES (3, 'Electra', 'McVity', 'zb47c8k6', 'PA', 1, 'ADMIN', CURRENT_TIMESTAMP);
INSERT INTO CREDITDB.CLIENT (ID_TARGET, FIRST_NAME, LAST_NAME, NATIONAL_ID, TYPE_NATIONAL_ID, STATUS, CREATION_USER, CREATION_DATE) VALUES (1, 'Tommy', 'Bater', 'ic66j6a8', 'PA', 1, 'ADMIN', CURRENT_TIMESTAMP);
INSERT INTO CREDITDB.CLIENT (ID_TARGET, FIRST_NAME, LAST_NAME, NATIONAL_ID, TYPE_NATIONAL_ID, STATUS, CREATION_USER, CREATION_DATE) VALUES (1, 'Dewey', 'Cavanagh', 'ob53n9u3', 'PA', 1, 'ADMIN', CURRENT_TIMESTAMP);
INSERT INTO CREDITDB.CLIENT (ID_TARGET, FIRST_NAME, LAST_NAME, NATIONAL_ID, TYPE_NATIONAL_ID, STATUS, CREATION_USER, CREATION_DATE) VALUES (1, 'Pierrette', 'Broadbear', 'op09e0q2', 'PA', 1, 'ADMIN', CURRENT_TIMESTAMP);
INSERT INTO CREDITDB.CLIENT (ID_TARGET, FIRST_NAME, LAST_NAME, NATIONAL_ID, TYPE_NATIONAL_ID, STATUS, CREATION_USER, CREATION_DATE) VALUES (2, 'Rubin', 'Bazoge', 'at27d4s7', 'PA', 1, 'ADMIN', CURRENT_TIMESTAMP);
INSERT INTO CREDITDB.CLIENT (ID_TARGET, FIRST_NAME, LAST_NAME, NATIONAL_ID, TYPE_NATIONAL_ID, STATUS, CREATION_USER, CREATION_DATE) VALUES (2, 'Odele', 'Letts', 'mk90p6s4', 'PA', 1, 'ADMIN', CURRENT_TIMESTAMP);
INSERT INTO CREDITDB.CLIENT (ID_TARGET, FIRST_NAME, LAST_NAME, NATIONAL_ID, TYPE_NATIONAL_ID, STATUS, CREATION_USER, CREATION_DATE) VALUES (3, 'Sharlene', 'Denys', 'qg84j1g1', 'PA', 1, 'ADMIN', CURRENT_TIMESTAMP);
INSERT INTO CREDITDB.CLIENT (ID_TARGET, FIRST_NAME, LAST_NAME, NATIONAL_ID, TYPE_NATIONAL_ID, STATUS, CREATION_USER, CREATION_DATE) VALUES (1, 'Aron', 'Boatswain', 'if61e7u4', 'PA', 1, 'ADMIN', CURRENT_TIMESTAMP);
INSERT INTO CREDITDB.CLIENT (ID_TARGET, FIRST_NAME, LAST_NAME, NATIONAL_ID, TYPE_NATIONAL_ID, STATUS, CREATION_USER, CREATION_DATE) VALUES (3, 'Dunn', 'Jaycox', 'tz28s8b1', 'PA', 1, 'ADMIN', CURRENT_TIMESTAMP);
INSERT INTO CREDITDB.CLIENT (ID_TARGET, FIRST_NAME, LAST_NAME, NATIONAL_ID, TYPE_NATIONAL_ID, STATUS, CREATION_USER, CREATION_DATE) VALUES (3, 'Giacopo', 'Mantha', 'id08d4z1', 'PA', 1, 'ADMIN', CURRENT_TIMESTAMP);
INSERT INTO CREDITDB.CLIENT (ID_TARGET, FIRST_NAME, LAST_NAME, NATIONAL_ID, TYPE_NATIONAL_ID, STATUS, CREATION_USER, CREATION_DATE) VALUES (1, 'Teddie', 'Vany', 'da57r0k9', 'PA', 1, 'ADMIN', CURRENT_TIMESTAMP);
INSERT INTO CREDITDB.CLIENT (ID_TARGET, FIRST_NAME, LAST_NAME, NATIONAL_ID, TYPE_NATIONAL_ID, STATUS, CREATION_USER, CREATION_DATE) VALUES (3, 'Jordan', 'Lush', 'lk15j3m9', 'PA', 1, 'ADMIN', CURRENT_TIMESTAMP);
INSERT INTO CREDITDB.CLIENT (ID_TARGET, FIRST_NAME, LAST_NAME, NATIONAL_ID, TYPE_NATIONAL_ID, STATUS, CREATION_USER, CREATION_DATE) VALUES (3, 'Kenton', 'Snelle', 'za61f2e4', 'PA', 1, 'ADMIN', CURRENT_TIMESTAMP);
INSERT INTO CREDITDB.CLIENT (ID_TARGET, FIRST_NAME, LAST_NAME, NATIONAL_ID, TYPE_NATIONAL_ID, STATUS, CREATION_USER, CREATION_DATE) VALUES (3, 'Maddie', 'Nickell', 'vd86q7j7', 'PA', 1, 'ADMIN', CURRENT_TIMESTAMP);
INSERT INTO CREDITDB.CLIENT (ID_TARGET, FIRST_NAME, LAST_NAME, NATIONAL_ID, TYPE_NATIONAL_ID, STATUS, CREATION_USER, CREATION_DATE) VALUES (2, 'Mirelle', 'Spittles', 'zo85l9n3', 'PA', 1, 'ADMIN', CURRENT_TIMESTAMP);
INSERT INTO CREDITDB.CLIENT (ID_TARGET, FIRST_NAME, LAST_NAME, NATIONAL_ID, TYPE_NATIONAL_ID, STATUS, CREATION_USER, CREATION_DATE) VALUES (1, 'Cristiano', 'Malyon', 'sj33r9n6', 'PA', 1, 'ADMIN', CURRENT_TIMESTAMP);
INSERT INTO CREDITDB.CLIENT (ID_TARGET, FIRST_NAME, LAST_NAME, NATIONAL_ID, TYPE_NATIONAL_ID, STATUS, CREATION_USER, CREATION_DATE) VALUES (3, 'Claus', 'Antonoyev', 'tw69c2o5', 'PA', 1, 'ADMIN', CURRENT_TIMESTAMP);
INSERT INTO CREDITDB.CLIENT (ID_TARGET, FIRST_NAME, LAST_NAME, NATIONAL_ID, TYPE_NATIONAL_ID, STATUS, CREATION_USER, CREATION_DATE) VALUES (2, 'Shem', 'Balam', 'bq72o8h3', 'PA', 1, 'ADMIN', CURRENT_TIMESTAMP);
INSERT INTO CREDITDB.CLIENT (ID_TARGET, FIRST_NAME, LAST_NAME, NATIONAL_ID, TYPE_NATIONAL_ID, STATUS, CREATION_USER, CREATION_DATE) VALUES (2, 'Juliet', 'Ferrillio', 'cv20c5y8', 'PA', 1, 'ADMIN', CURRENT_TIMESTAMP);
INSERT INTO CREDITDB.CLIENT (ID_TARGET, FIRST_NAME, LAST_NAME, NATIONAL_ID, TYPE_NATIONAL_ID, STATUS, CREATION_USER, CREATION_DATE) VALUES (2, 'Frederico', 'Yarrall', 'tb20v6c2', 'PA', 1, 'ADMIN', CURRENT_TIMESTAMP);
INSERT INTO CREDITDB.CLIENT (ID_TARGET, FIRST_NAME, LAST_NAME, NATIONAL_ID, TYPE_NATIONAL_ID, STATUS, CREATION_USER, CREATION_DATE) VALUES (1, 'Madelyn', 'Prandi', 'yh56f0r8', 'PA', 1, 'ADMIN', CURRENT_TIMESTAMP);
INSERT INTO CREDITDB.CLIENT (ID_TARGET, FIRST_NAME, LAST_NAME, NATIONAL_ID, TYPE_NATIONAL_ID, STATUS, CREATION_USER, CREATION_DATE) VALUES (3, 'Mechelle', 'Klemke', 'ub87d2v3', 'PA', 1, 'ADMIN', CURRENT_TIMESTAMP);
INSERT INTO CREDITDB.CLIENT (ID_TARGET, FIRST_NAME, LAST_NAME, NATIONAL_ID, TYPE_NATIONAL_ID, STATUS, CREATION_USER, CREATION_DATE) VALUES (3, 'Scarface', 'Eriksson', 'ih94r0l7', 'PA', 1, 'ADMIN', CURRENT_TIMESTAMP);
INSERT INTO CREDITDB.CLIENT (ID_TARGET, FIRST_NAME, LAST_NAME, NATIONAL_ID, TYPE_NATIONAL_ID, STATUS, CREATION_USER, CREATION_DATE) VALUES (3, 'Mickey', 'MacVay', 'mq04o8h8', 'PA', 1, 'ADMIN', CURRENT_TIMESTAMP);
INSERT INTO CREDITDB.CLIENT (ID_TARGET, FIRST_NAME, LAST_NAME, NATIONAL_ID, TYPE_NATIONAL_ID, STATUS, CREATION_USER, CREATION_DATE) VALUES (2, 'Pooh', 'Caffery', 'ql85o6h0', 'PA', 1, 'ADMIN', CURRENT_TIMESTAMP);
INSERT INTO CREDITDB.CLIENT (ID_TARGET, FIRST_NAME, LAST_NAME, NATIONAL_ID, TYPE_NATIONAL_ID, STATUS, CREATION_USER, CREATION_DATE) VALUES (1, 'Jeannine', 'Sambeck', 'fz36y6s5', 'PA', 1, 'ADMIN', CURRENT_TIMESTAMP);
INSERT INTO CREDITDB.CLIENT (ID_TARGET, FIRST_NAME, LAST_NAME, NATIONAL_ID, TYPE_NATIONAL_ID, STATUS, CREATION_USER, CREATION_DATE) VALUES (1, 'Janith', 'Wraxall', 'dk94g4o7', 'PA', 1, 'ADMIN', CURRENT_TIMESTAMP);
INSERT INTO CREDITDB.CLIENT (ID_TARGET, FIRST_NAME, LAST_NAME, NATIONAL_ID, TYPE_NATIONAL_ID, STATUS, CREATION_USER, CREATION_DATE) VALUES (2, 'Karyl', 'Fever', 'qo12w7i4', 'PA', 1, 'ADMIN', CURRENT_TIMESTAMP);
INSERT INTO CREDITDB.CLIENT (ID_TARGET, FIRST_NAME, LAST_NAME, NATIONAL_ID, TYPE_NATIONAL_ID, STATUS, CREATION_USER, CREATION_DATE) VALUES (1, 'Leanor', 'Santos', 'yk55m6w5', 'PA', 1, 'ADMIN', CURRENT_TIMESTAMP);
INSERT INTO CREDITDB.CLIENT (ID_TARGET, FIRST_NAME, LAST_NAME, NATIONAL_ID, TYPE_NATIONAL_ID, STATUS, CREATION_USER, CREATION_DATE) VALUES (1, 'My', 'Dales', 'rw11a1n7', 'PA', 1, 'ADMIN', CURRENT_TIMESTAMP);
INSERT INTO CREDITDB.CLIENT (ID_TARGET, FIRST_NAME, LAST_NAME, NATIONAL_ID, TYPE_NATIONAL_ID, STATUS, CREATION_USER, CREATION_DATE) VALUES (3, 'Nevile', 'Helmke', 'bd06u4y2', 'PA', 1, 'ADMIN', CURRENT_TIMESTAMP);